strata generate: PCIe probe: 11243.4 GB/s host->device, host RAM read 51.7 GB/s -> pcie_frac 0.55 (default 0.55)
strata generate: native pack: C:\Users\Wei Lu\Documents\Strata-data\packs\coder-iq1_m experts (largest blob 2.66 MB), token embedding IQ4_XS in mapped host memory (322 MiB)
strata generate: 1406 MiB of weights loaded from C:\Users\Wei Lu\Documents\Strata-data\packs\coder-iq1_m (302 canonical tensors skipped: served natively)
strata generate: 300 native projection matrices, 2018.88 MiB of weights
strata generate: the SSD is kept awake while rows are read: one page of the table after 100 ms without a read, until 60 s after the last request (STRATA_SSD_KEEPALIVE=0 turns it off)
strata generate: profile E:\work\AI\Strata\data\expert-profile-coder.bin: 12288 ranked pairs, built for 12288 slots
strata generate: PLE on, table 320001536 rows of C:\Users\Wei Lu\Documents\Qwen3.8-Flash-Next-GSQ-RCO-Coder-GGUF\IQ1_M\Qwen3.8-Flash-Next-GSQ-RCO-IQ1_M-00002-of-00002.gguf
strata mtp: draft layer loaded, 839 MiB of VRAM (experts 675, dense 111), files read in 0.24 s (3306 MiB/s)
strata generate: GPU 0: AMD Radeon(TM) 8060S Graphics (gfx1151)
strata generate: expert arena: cudaHostRegister PORTABLE ok; large pages refused for 25149046784 B (GetLargePageMinimum=2097152, VirtualAlloc error 1314); using 4 KB pages
strata generate: loaded 23.42 GiB at 11.79 GiB/s
strata generate: experimental native Q5_K head, 521472000 bytes
strata generate: expert cache auto: 36.08 GiB free, 700 MiB reserved (+218 MiB for the draft head) -> 12288 slots
strata generate: expert cache 12288 slots, 23.42 GiB of VRAM; policy is
strata generate: the GPU computes the experts in the cache; it rounds differently from the CPU,
                 so a reply can differ slightly from a run without the cache (same quality:
                 bench/results/2026-09-27-cache-parity).
                 PROFILE, ranked by routing frequency, no eviction.
strata generate: pre-filled 12288 of 12288 slots from the profile; slot 0 verified
strata generate: R4 hit path ON - resident experts are computed on the GPU
strata generate: 15 expert-pool workers + the host thread
strata generate: session is up (engine 0.1.34)
strata generate: token graph hit path: 12288 resident experts, decided on the device
strata serve: prompt chunk auto: 8192 tokens
strata serve: the prompt path borrows 2276 CUDA0 cache slots (4.37 GiB)
prefill gemm: hipBLASLt tuning enabled (48 rows, gfx1151, version 100401)
strata hc: CUDA0: the hyper-connection read runs as staged (the norm per token and stream, the down projection's activations staged ahead by cp.async); checked bit for bit against the plain read on this card (STRATA_HC_SPLIT=1 or 0 for the earlier ones)
strata verify: window up to 6 tokens, 74.1 MiB of device buffers
strata mtp: draft head over 106299 tokens (212.9 MiB)
strata serve: 12061 MiB of VRAM free with everything loaded
prefill gemm: Lt solution=1251 dtype=bf16 T=4165 N=320 K=10240 ldy=320 beta=0 workspace=0
prefill gemm: Lt solution=1251 dtype=bf16 T=4165 N=10240 K=320 ldy=10240 beta=0 workspace=0
prefill gemm: Lt solution=1249 dtype=bf16 T=4165 N=4 K=10240 ldy=4 beta=0 workspace=0
prefill gemm: Lt solution=2539 dtype=f16 T=4165 N=10240 K=2560 ldy=10240 beta=0 workspace=0
prefill gemm: Lt solution=2539 dtype=f16 T=4165 N=6144 K=2560 ldy=6144 beta=0 workspace=0
prefill gemm: Lt solution=1251 dtype=bf16 T=4165 N=48 K=2560 ldy=96 beta=0 workspace=0
prefill gemm: Lt solution=2539 dtype=f16 T=4165 N=2560 K=6144 ldy=2560 beta=0 workspace=0
prefill gemm: Lt fallback; no calibration for dtype=bf16 T=4165 N=256 K=2560 ldy=256
prefill gemm: Lt solution=2539 dtype=f16 T=4165 N=640 K=2560 ldy=640 beta=0 workspace=0
prefill gemm: Lt solution=2539 dtype=f16 T=4165 N=2560 K=640 ldy=2560 beta=0 workspace=0
prefill gemm: Lt solution=1248 dtype=bf16 T=4165 N=1 K=2560 ldy=1 beta=0 workspace=0
prefill gemm: Lt solution=2538 dtype=f16 T=148 N=1280 K=2560 ldy=1280 beta=0 workspace=0
prefill gemm: Lt solution=2539 dtype=f16 T=148 N=2560 K=640 ldy=2560 beta=0 workspace=0
prefill gemm: Lt solution=2538 dtype=f16 T=156 N=1280 K=2560 ldy=1280 beta=0 workspace=0
prefill gemm: Lt solution=2539 dtype=f16 T=156 N=2560 K=640 ldy=2560 beta=0 workspace=0
prefill gemm: Lt solution=2538 dtype=f16 T=151 N=1280 K=2560 ldy=1280 beta=0 workspace=0
prefill gemm: Lt solution=2539 dtype=f16 T=151 N=2560 K=640 ldy=2560 beta=0 workspace=0
prefill gemm: Lt solution=2539 dtype=f16 T=88 N=1280 K=2560 ldy=1280 beta=0 workspace=0
prefill gemm: Lt solution=2539 dtype=f16 T=88 N=2560 K=640 ldy=2560 beta=0 workspace=0
prefill gemm: Lt solution=2539 dtype=f16 T=305 N=1280 K=2560 ldy=1280 beta=0 workspace=0
prefill gemm: Lt solution=2539 dtype=f16 T=305 N=2560 K=640 ldy=2560 beta=0 workspace=0
prefill gemm: Lt solution=2537 dtype=f16 T=15 N=1280 K=2560 ldy=1280 beta=0 workspace=0
prefill gemm: Lt solution=2549 dtype=f16 T=15 N=2560 K=640 ldy=2560 beta=0 workspace=0
prefill gemm: Lt solution=2539 dtype=f16 T=94 N=1280 K=2560 ldy=1280 beta=0 workspace=0
prefill gemm: Lt solution=2539 dtype=f16 T=94 N=2560 K=640 ldy=2560 beta=0 workspace=0
prefill gemm: Lt solution=2539 dtype=f16 T=95 N=1280 K=2560 ldy=1280 beta=0 workspace=0
prefill gemm: Lt solution=2539 dtype=f16 T=95 N=2560 K=640 ldy=2560 beta=0 workspace=0
prefill gemm: Lt solution=2538 dtype=f16 T=145 N=1280 K=2560 ldy=1280 beta=0 workspace=0
prefill gemm: Lt solution=2539 dtype=f16 T=145 N=2560 K=640 ldy=2560 beta=0 workspace=0
prefill gemm: Lt solution=2538 dtype=f16 T=130 N=1280 K=2560 ldy=1280 beta=0 workspace=0
prefill gemm: Lt solution=2539 dtype=f16 T=130 N=2560 K=640 ldy=2560 beta=0 workspace=0
prefill gemm: Lt solution=2537 dtype=f16 T=62 N=1280 K=2560 ldy=1280 beta=0 workspace=0
prefill gemm: Lt solution=2538 dtype=f16 T=62 N=2560 K=640 ldy=2560 beta=0 workspace=0
prefill gemm: Lt solution=2538 dtype=f16 T=121 N=1280 K=2560 ldy=1280 beta=0 workspace=0
prefill gemm: Lt solution=2539 dtype=f16 T=121 N=2560 K=640 ldy=2560 beta=0 workspace=0
prefill gemm: Lt solution=2551 dtype=f16 T=38 N=1280 K=2560 ldy=1280 beta=0 workspace=0
prefill gemm: Lt solution=2538 dtype=f16 T=38 N=2560 K=640 ldy=2560 beta=0 workspace=0
prefill gemm: Lt solution=2539 dtype=f16 T=109 N=1280 K=2560 ldy=1280 beta=0 workspace=0
prefill gemm: Lt solution=2539 dtype=f16 T=109 N=2560 K=640 ldy=2560 beta=0 workspace=0
prefill gemm: Lt solution=2539 dtype=f16 T=645 N=1280 K=2560 ldy=1280 beta=0 workspace=0
prefill gemm: Lt solution=2539 dtype=f16 T=645 N=2560 K=640 ldy=2560 beta=0 workspace=0
prefill gemm: Lt solution=2538 dtype=f16 T=126 N=1280 K=2560 ldy=1280 beta=0 workspace=0
prefill gemm: Lt solution=2539 dtype=f16 T=126 N=2560 K=640 ldy=2560 beta=0 workspace=0
prefill gemm: Lt solution=2539 dtype=f16 T=244 N=1280 K=2560 ldy=1280 beta=0 workspace=0
prefill gemm: Lt solution=2539 dtype=f16 T=244 N=2560 K=640 ldy=2560 beta=0 workspace=0
prefill gemm: Lt solution=2539 dtype=f16 T=256 N=1280 K=2560 ldy=1280 beta=0 workspace=0
prefill gemm: Lt solution=2539 dtype=f16 T=256 N=2560 K=640 ldy=2560 beta=0 workspace=0
prefill gemm: Lt solution=2539 dtype=f16 T=82 N=1280 K=2560 ldy=1280 beta=0 workspace=0
prefill gemm: Lt solution=2539 dtype=f16 T=82 N=2560 K=640 ldy=2560 beta=0 workspace=0
prefill gemm: Lt solution=2539 dtype=f16 T=166 N=1280 K=2560 ldy=1280 beta=0 workspace=0
prefill gemm: Lt solution=2539 dtype=f16 T=166 N=2560 K=640 ldy=2560 beta=0 workspace=0
prefill gemm: Lt solution=2539 dtype=f16 T=98 N=1280 K=2560 ldy=1280 beta=0 workspace=0
prefill gemm: Lt solution=2539 dtype=f16 T=98 N=2560 K=640 ldy=2560 beta=0 workspace=0
prefill gemm: Lt solution=2539 dtype=f16 T=163 N=1280 K=2560 ldy=1280 beta=0 workspace=0
prefill gemm: Lt solution=2539 dtype=f16 T=163 N=2560 K=640 ldy=2560 beta=0 workspace=0
prefill gemm: Lt solution=2538 dtype=f16 T=117 N=1280 K=2560 ldy=1280 beta=0 workspace=0
prefill gemm: Lt solution=2539 dtype=f16 T=117 N=2560 K=640 ldy=2560 beta=0 workspace=0
prefill gemm: Lt solution=2539 dtype=f16 T=217 N=1280 K=2560 ldy=1280 beta=0 workspace=0
prefill gemm: Lt solution=2539 dtype=f16 T=217 N=2560 K=640 ldy=2560 beta=0 workspace=0
prefill gemm: Lt solution=2538 dtype=f16 T=155 N=1280 K=2560 ldy=1280 beta=0 workspace=0
prefill gemm: Lt solution=2539 dtype=f16 T=155 N=2560 K=640 ldy=2560 beta=0 workspace=0
prefill gemm: Lt solution=2539 dtype=f16 T=172 N=1280 K=2560 ldy=1280 beta=0 workspace=0
prefill gemm: Lt solution=2539 dtype=f16 T=172 N=2560 K=640 ldy=2560 beta=0 workspace=0
prefill gemm: Lt solution=2539 dtype=f16 T=367 N=1280 K=2560 ldy=1280 beta=0 workspace=0
prefill gemm: Lt solution=2539 dtype=f16 T=367 N=2560 K=640 ldy=2560 beta=0 workspace=0
prefill gemm: Lt solution=2539 dtype=f16 T=108 N=1280 K=2560 ldy=1280 beta=0 workspace=0
prefill gemm: Lt solution=2539 dtype=f16 T=108 N=2560 K=640 ldy=2560 beta=0 workspace=0
prefill gemm: Lt solution=2551 dtype=f16 T=37 N=1280 K=2560 ldy=1280 beta=0 workspace=0
prefill gemm: Lt solution=2538 dtype=f16 T=37 N=2560 K=640 ldy=2560 beta=0 workspace=0
prefill gemm: Lt solution=2539 dtype=f16 T=86 N=1280 K=2560 ldy=1280 beta=0 workspace=0
prefill gemm: Lt solution=2539 dtype=f16 T=86 N=2560 K=640 ldy=2560 beta=0 workspace=0
prefill gemm: Lt solution=2537 dtype=f16 T=11 N=1280 K=2560 ldy=1280 beta=0 workspace=0
prefill gemm: Lt solution=2549 dtype=f16 T=11 N=2560 K=640 ldy=2560 beta=0 workspace=0
prefill gemm: Lt solution=2539 dtype=f16 T=261 N=1280 K=2560 ldy=1280 beta=0 workspace=0
prefill gemm: Lt solution=2539 dtype=f16 T=261 N=2560 K=640 ldy=2560 beta=0 workspace=0
prefill gemm: Lt solution=2539 dtype=f16 T=326 N=1280 K=2560 ldy=1280 beta=0 workspace=0
prefill gemm: Lt solution=2539 dtype=f16 T=326 N=2560 K=640 ldy=2560 beta=0 workspace=0
prefill gemm: Lt solution=2538 dtype=f16 T=116 N=1280 K=2560 ldy=1280 beta=0 workspace=0
prefill gemm: Lt solution=2539 dtype=f16 T=116 N=2560 K=640 ldy=2560 beta=0 workspace=0
prefill gemm: Lt solution=2551 dtype=f16 T=34 N=1280 K=2560 ldy=1280 beta=0 workspace=0
prefill gemm: Lt solution=2538 dtype=f16 T=34 N=2560 K=640 ldy=2560 beta=0 workspace=0
prefill gemm: Lt solution=2537 dtype=f16 T=67 N=1280 K=2560 ldy=1280 beta=0 workspace=0
prefill gemm: Lt solution=2538 dtype=f16 T=67 N=2560 K=640 ldy=2560 beta=0 workspace=0
prefill gemm: Lt solution=2539 dtype=f16 T=357 N=1280 K=2560 ldy=1280 beta=0 workspace=0
prefill gemm: Lt solution=2539 dtype=f16 T=357 N=2560 K=640 ldy=2560 beta=0 workspace=0
prefill gemm: Lt solution=2539 dtype=f16 T=83 N=1280 K=2560 ldy=1280 beta=0 workspace=0
prefill gemm: Lt solution=2539 dtype=f16 T=83 N=2560 K=640 ldy=2560 beta=0 workspace=0
prefill gemm: Lt solution=2538 dtype=f16 T=149 N=1280 K=2560 ldy=1280 beta=0 workspace=0
prefill gemm: Lt solution=2539 dtype=f16 T=149 N=2560 K=640 ldy=2560 beta=0 workspace=0
prefill gemm: Lt solution=2539 dtype=f16 T=506 N=1280 K=2560 ldy=1280 beta=0 workspace=0
prefill gemm: Lt solution=2539 dtype=f16 T=506 N=2560 K=640 ldy=2560 beta=0 workspace=0
prefill gemm: Lt solution=2551 dtype=f16 T=25 N=1280 K=2560 ldy=1280 beta=0 workspace=0
prefill gemm: Lt solution=2538 dtype=f16 T=25 N=2560 K=640 ldy=2560 beta=0 workspace=0
prefill gemm: Lt solution=2537 dtype=f16 T=68 N=1280 K=2560 ldy=1280 beta=0 workspace=0
prefill gemm: Lt solution=2538 dtype=f16 T=68 N=2560 K=640 ldy=2560 beta=0 workspace=0
prefill gemm: Lt solution=2537 dtype=f16 T=79 N=1280 K=2560 ldy=1280 beta=0 workspace=0
prefill gemm: Lt solution=2538 dtype=f16 T=79 N=2560 K=640 ldy=2560 beta=0 workspace=0
prefill gemm: Lt solution=2539 dtype=f16 T=272 N=1280 K=2560 ldy=1280 beta=0 workspace=0
prefill gemm: Lt solution=2539 dtype=f16 T=272 N=2560 K=640 ldy=2560 beta=0 workspace=0
prefill gemm: Lt solution=2537 dtype=f16 T=57 N=1280 K=2560 ldy=1280 beta=0 workspace=0
prefill gemm: Lt solution=2538 dtype=f16 T=57 N=2560 K=640 ldy=2560 beta=0 workspace=0
prefill gemm: Lt solution=2537 dtype=f16 T=18 N=1280 K=2560 ldy=1280 beta=0 workspace=0
prefill gemm: Lt solution=2549 dtype=f16 T=18 N=2560 K=640 ldy=2560 beta=0 workspace=0
prefill gemm: Lt solution=2539 dtype=f16 T=206 N=1280 K=2560 ldy=1280 beta=0 workspace=0
prefill gemm: Lt solution=2539 dtype=f16 T=206 N=2560 K=640 ldy=2560 beta=0 workspace=0
prefill gemm: Lt solution=2538 dtype=f16 T=114 N=1280 K=2560 ldy=1280 beta=0 workspace=0
prefill gemm: Lt solution=2539 dtype=f16 T=114 N=2560 K=640 ldy=2560 beta=0 workspace=0
prefill gemm: Lt solution=2539 dtype=f16 T=262 N=1280 K=2560 ldy=1280 beta=0 workspace=0
prefill gemm: Lt solution=2539 dtype=f16 T=262 N=2560 K=640 ldy=2560 beta=0 workspace=0
prefill gemm: Lt solution=2551 dtype=f16 T=41 N=1280 K=2560 ldy=1280 beta=0 workspace=0
prefill gemm: Lt solution=2538 dtype=f16 T=41 N=2560 K=640 ldy=2560 beta=0 workspace=0
prefill gemm: Lt solution=2538 dtype=f16 T=128 N=1280 K=2560 ldy=1280 beta=0 workspace=0
prefill gemm: Lt solution=2539 dtype=f16 T=128 N=2560 K=640 ldy=2560 beta=0 workspace=0
prefill gemm: Lt solution=2538 dtype=f16 T=124 N=1280 K=2560 ldy=1280 beta=0 workspace=0
prefill gemm: Lt solution=2539 dtype=f16 T=124 N=2560 K=640 ldy=2560 beta=0 workspace=0
prefill gemm: Lt solution=2539 dtype=f16 T=362 N=1280 K=2560 ldy=1280 beta=0 workspace=0
prefill gemm: Lt solution=2539 dtype=f16 T=362 N=2560 K=640 ldy=2560 beta=0 workspace=0
prefill gemm: Lt solution=2539 dtype=f16 T=243 N=1280 K=2560 ldy=1280 beta=0 workspace=0
prefill gemm: Lt solution=2539 dtype=f16 T=243 N=2560 K=640 ldy=2560 beta=0 workspace=0
prefill gemm: Lt solution=2539 dtype=f16 T=191 N=1280 K=2560 ldy=1280 beta=0 workspace=0
prefill gemm: Lt solution=2539 dtype=f16 T=191 N=2560 K=640 ldy=2560 beta=0 workspace=0
prefill gemm: Lt solution=2539 dtype=f16 T=111 N=1280 K=2560 ldy=1280 beta=0 workspace=0
prefill gemm: Lt solution=2539 dtype=f16 T=111 N=2560 K=640 ldy=2560 beta=0 workspace=0
prefill gemm: Lt solution=2539 dtype=f16 T=431 N=1280 K=2560 ldy=1280 beta=0 workspace=0
prefill gemm: Lt solution=2539 dtype=f16 T=431 N=2560 K=640 ldy=2560 beta=0 workspace=0
prefill gemm: Lt solution=2537 dtype=f16 T=69 N=1280 K=2560 ldy=1280 beta=0 workspace=0
prefill gemm: Lt solution=2538 dtype=f16 T=69 N=2560 K=640 ldy=2560 beta=0 workspace=0
prefill gemm: Lt solution=2539 dtype=f16 T=242 N=1280 K=2560 ldy=1280 beta=0 workspace=0
prefill gemm: Lt solution=2539 dtype=f16 T=242 N=2560 K=640 ldy=2560 beta=0 workspace=0
prefill gemm: Lt solution=2539 dtype=f16 T=278 N=1280 K=2560 ldy=1280 beta=0 workspace=0
prefill gemm: Lt solution=2539 dtype=f16 T=278 N=2560 K=640 ldy=2560 beta=0 workspace=0
prefill gemm: Lt solution=2539 dtype=f16 T=353 N=1280 K=2560 ldy=1280 beta=0 workspace=0
prefill gemm: Lt solution=2539 dtype=f16 T=353 N=2560 K=640 ldy=2560 beta=0 workspace=0
prefill gemm: Lt solution=2537 dtype=f16 T=56 N=1280 K=2560 ldy=1280 beta=0 workspace=0
prefill gemm: Lt solution=2538 dtype=f16 T=56 N=2560 K=640 ldy=2560 beta=0 workspace=0
prefill gemm: Lt solution=2537 dtype=f16 T=54 N=1280 K=2560 ldy=1280 beta=0 workspace=0
prefill gemm: Lt solution=2538 dtype=f16 T=54 N=2560 K=640 ldy=2560 beta=0 workspace=0
prefill gemm: Lt solution=2539 dtype=f16 T=407 N=1280 K=2560 ldy=1280 beta=0 workspace=0
prefill gemm: Lt solution=2539 dtype=f16 T=407 N=2560 K=640 ldy=2560 beta=0 workspace=0
prefill gemm: Lt solution=2539 dtype=f16 T=93 N=1280 K=2560 ldy=1280 beta=0 workspace=0
prefill gemm: Lt solution=2539 dtype=f16 T=93 N=2560 K=640 ldy=2560 beta=0 workspace=0
prefill gemm: Lt solution=2539 dtype=f16 T=106 N=1280 K=2560 ldy=1280 beta=0 workspace=0
prefill gemm: Lt solution=2539 dtype=f16 T=106 N=2560 K=640 ldy=2560 beta=0 workspace=0
prefill gemm: Lt solution=2539 dtype=f16 T=102 N=1280 K=2560 ldy=1280 beta=0 workspace=0
prefill gemm: Lt solution=2539 dtype=f16 T=102 N=2560 K=640 ldy=2560 beta=0 workspace=0
prefill gemm: Lt solution=2539 dtype=f16 T=198 N=1280 K=2560 ldy=1280 beta=0 workspace=0
prefill gemm: Lt solution=2539 dtype=f16 T=198 N=2560 K=640 ldy=2560 beta=0 workspace=0
prefill gemm: Lt solution=2537 dtype=f16 T=70 N=1280 K=2560 ldy=1280 beta=0 workspace=0
prefill gemm: Lt solution=2538 dtype=f16 T=70 N=2560 K=640 ldy=2560 beta=0 workspace=0
prefill gemm: Lt solution=2539 dtype=f16 T=320 N=1280 K=2560 ldy=1280 beta=0 workspace=0
prefill gemm: Lt solution=2539 dtype=f16 T=320 N=2560 K=640 ldy=2560 beta=0 workspace=0
prefill gemm: Lt solution=2538 dtype=f16 T=113 N=1280 K=2560 ldy=1280 beta=0 workspace=0
prefill gemm: Lt solution=2539 dtype=f16 T=113 N=2560 K=640 ldy=2560 beta=0 workspace=0
prefill gemm: Lt solution=2539 dtype=f16 T=162 N=1280 K=2560 ldy=1280 beta=0 workspace=0
prefill gemm: Lt solution=2539 dtype=f16 T=162 N=2560 K=640 ldy=2560 beta=0 workspace=0
prefill gemm: Lt solution=2539 dtype=f16 T=312 N=1280 K=2560 ldy=1280 beta=0 workspace=0
prefill gemm: Lt solution=2539 dtype=f16 T=312 N=2560 K=640 ldy=2560 beta=0 workspace=0
prefill gemm: Lt solution=2539 dtype=f16 T=841 N=1280 K=2560 ldy=1280 beta=0 workspace=0
prefill gemm: Lt solution=2539 dtype=f16 T=841 N=2560 K=640 ldy=2560 beta=0 workspace=0
prefill gemm: Lt solution=2538 dtype=f16 T=118 N=1280 K=2560 ldy=1280 beta=0 workspace=0
prefill gemm: Lt solution=2539 dtype=f16 T=118 N=2560 K=640 ldy=2560 beta=0 workspace=0
prefill gemm: Lt solution=2539 dtype=f16 T=192 N=1280 K=2560 ldy=1280 beta=0 workspace=0
prefill gemm: Lt solution=2539 dtype=f16 T=192 N=2560 K=640 ldy=2560 beta=0 workspace=0
prefill gemm: Lt solution=2551 dtype=f16 T=47 N=1280 K=2560 ldy=1280 beta=0 workspace=0
prefill gemm: Lt solution=2538 dtype=f16 T=47 N=2560 K=640 ldy=2560 beta=0 workspace=0
prefill gemm: Lt solution=2539 dtype=f16 T=177 N=1280 K=2560 ldy=1280 beta=0 workspace=0
prefill gemm: Lt solution=2539 dtype=f16 T=177 N=2560 K=640 ldy=2560 beta=0 workspace=0
prefill gemm: Lt solution=2539 dtype=f16 T=266 N=1280 K=2560 ldy=1280 beta=0 workspace=0
prefill gemm: Lt solution=2539 dtype=f16 T=266 N=2560 K=640 ldy=2560 beta=0 workspace=0
prefill gemm: Lt solution=2539 dtype=f16 T=199 N=1280 K=2560 ldy=1280 beta=0 workspace=0
prefill gemm: Lt solution=2539 dtype=f16 T=199 N=2560 K=640 ldy=2560 beta=0 workspace=0
prefill gemm: Lt solution=2539 dtype=f16 T=200 N=1280 K=2560 ldy=1280 beta=0 workspace=0
prefill gemm: Lt solution=2539 dtype=f16 T=200 N=2560 K=640 ldy=2560 beta=0 workspace=0
prefill gemm: Lt solution=2537 dtype=f16 T=50 N=1280 K=2560 ldy=1280 beta=0 workspace=0
prefill gemm: Lt solution=2538 dtype=f16 T=50 N=2560 K=640 ldy=2560 beta=0 workspace=0
prefill gemm: Lt solution=2551 dtype=f16 T=44 N=1280 K=2560 ldy=1280 beta=0 workspace=0
prefill gemm: Lt solution=2538 dtype=f16 T=44 N=2560 K=640 ldy=2560 beta=0 workspace=0
prefill gemm: Lt solution=2539 dtype=f16 T=171 N=1280 K=2560 ldy=1280 beta=0 workspace=0
prefill gemm: Lt solution=2539 dtype=f16 T=171 N=2560 K=640 ldy=2560 beta=0 workspace=0
prefill gemm: Lt solution=2537 dtype=f16 T=49 N=1280 K=2560 ldy=1280 beta=0 workspace=0
prefill gemm: Lt solution=2538 dtype=f16 T=49 N=2560 K=640 ldy=2560 beta=0 workspace=0
prefill gemm: Lt solution=2538 dtype=f16 T=139 N=1280 K=2560 ldy=1280 beta=0 workspace=0
prefill gemm: Lt solution=2539 dtype=f16 T=139 N=2560 K=640 ldy=2560 beta=0 workspace=0
prefill gemm: Lt solution=2539 dtype=f16 T=209 N=1280 K=2560 ldy=1280 beta=0 workspace=0
prefill gemm: Lt solution=2539 dtype=f16 T=209 N=2560 K=640 ldy=2560 beta=0 workspace=0
prefill gemm: Lt solution=2539 dtype=f16 T=100 N=1280 K=2560 ldy=1280 beta=0 workspace=0
prefill gemm: Lt solution=2539 dtype=f16 T=100 N=2560 K=640 ldy=2560 beta=0 workspace=0
prefill gemm: Lt solution=2538 dtype=f16 T=131 N=1280 K=2560 ldy=1280 beta=0 workspace=0
prefill gemm: Lt solution=2539 dtype=f16 T=131 N=2560 K=640 ldy=2560 beta=0 workspace=0
prefill gemm: Lt solution=2551 dtype=f16 T=30 N=1280 K=2560 ldy=1280 beta=0 workspace=0
prefill gemm: Lt solution=2538 dtype=f16 T=30 N=2560 K=640 ldy=2560 beta=0 workspace=0
prefill gemm: Lt solution=2537 dtype=f16 T=24 N=1280 K=2560 ldy=1280 beta=0 workspace=0
prefill gemm: Lt solution=2549 dtype=f16 T=24 N=2560 K=640 ldy=2560 beta=0 workspace=0
prefill gemm: Lt solution=2537 dtype=f16 T=66 N=1280 K=2560 ldy=1280 beta=0 workspace=0
prefill gemm: Lt solution=2538 dtype=f16 T=66 N=2560 K=640 ldy=2560 beta=0 workspace=0
prefill gemm: Lt solution=2538 dtype=f16 T=123 N=1280 K=2560 ldy=1280 beta=0 workspace=0
prefill gemm: Lt solution=2539 dtype=f16 T=123 N=2560 K=640 ldy=2560 beta=0 workspace=0
prefill gemm: Lt solution=2539 dtype=f16 T=103 N=1280 K=2560 ldy=1280 beta=0 workspace=0
prefill gemm: Lt solution=2539 dtype=f16 T=103 N=2560 K=640 ldy=2560 beta=0 workspace=0
prefill gemm: Lt solution=2539 dtype=f16 T=105 N=1280 K=2560 ldy=1280 beta=0 workspace=0
prefill gemm: Lt solution=2539 dtype=f16 T=105 N=2560 K=640 ldy=2560 beta=0 workspace=0
prefill gemm: Lt solution=2538 dtype=f16 T=144 N=1280 K=2560 ldy=1280 beta=0 workspace=0
prefill gemm: Lt solution=2539 dtype=f16 T=144 N=2560 K=640 ldy=2560 beta=0 workspace=0
prefill gemm: Lt solution=2539 dtype=f16 T=194 N=1280 K=2560 ldy=1280 beta=0 workspace=0
prefill gemm: Lt solution=2539 dtype=f16 T=194 N=2560 K=640 ldy=2560 beta=0 workspace=0
prefill gemm: Lt solution=2539 dtype=f16 T=283 N=1280 K=2560 ldy=1280 beta=0 workspace=0
prefill gemm: Lt solution=2539 dtype=f16 T=283 N=2560 K=640 ldy=2560 beta=0 workspace=0
prefill gemm: Lt solution=2539 dtype=f16 T=207 N=1280 K=2560 ldy=1280 beta=0 workspace=0
prefill gemm: Lt solution=2539 dtype=f16 T=207 N=2560 K=640 ldy=2560 beta=0 workspace=0
prefill gemm: Lt solution=2537 dtype=f16 T=16 N=1280 K=2560 ldy=1280 beta=0 workspace=0
prefill gemm: Lt solution=2549 dtype=f16 T=16 N=2560 K=640 ldy=2560 beta=0 workspace=0
prefill gemm: Lt solution=2539 dtype=f16 T=318 N=1280 K=2560 ldy=1280 beta=0 workspace=0
prefill gemm: Lt solution=2539 dtype=f16 T=318 N=2560 K=640 ldy=2560 beta=0 workspace=0
prefill gemm: Lt solution=2538 dtype=f16 T=150 N=1280 K=2560 ldy=1280 beta=0 workspace=0
prefill gemm: Lt solution=2539 dtype=f16 T=150 N=2560 K=640 ldy=2560 beta=0 workspace=0
prefill gemm: Lt solution=2539 dtype=f16 T=89 N=1280 K=2560 ldy=1280 beta=0 workspace=0
prefill gemm: Lt solution=2539 dtype=f16 T=89 N=2560 K=640 ldy=2560 beta=0 workspace=0
prefill gemm: Lt solution=2539 dtype=f16 T=81 N=1280 K=2560 ldy=1280 beta=0 workspace=0
prefill gemm: Lt solution=2539 dtype=f16 T=81 N=2560 K=640 ldy=2560 beta=0 workspace=0
prefill gemm: Lt solution=2539 dtype=f16 T=348 N=1280 K=2560 ldy=1280 beta=0 workspace=0
prefill gemm: Lt solution=2539 dtype=f16 T=348 N=2560 K=640 ldy=2560 beta=0 workspace=0
prefill gemm: Lt solution=2539 dtype=f16 T=167 N=1280 K=2560 ldy=1280 beta=0 workspace=0
prefill gemm: Lt solution=2539 dtype=f16 T=167 N=2560 K=640 ldy=2560 beta=0 workspace=0
prefill gemm: Lt solution=2537 dtype=f16 T=12 N=1280 K=2560 ldy=1280 beta=0 workspace=0
prefill gemm: Lt solution=2549 dtype=f16 T=12 N=2560 K=640 ldy=2560 beta=0 workspace=0
prefill gemm: Lt solution=2539 dtype=f16 T=526 N=1280 K=2560 ldy=1280 beta=0 workspace=0
prefill gemm: Lt solution=2539 dtype=f16 T=526 N=2560 K=640 ldy=2560 beta=0 workspace=0
prefill gemm: Lt solution=2539 dtype=f16 T=476 N=1280 K=2560 ldy=1280 beta=0 workspace=0
prefill gemm: Lt solution=2539 dtype=f16 T=476 N=2560 K=640 ldy=2560 beta=0 workspace=0
prefill gemm: Lt solution=2539 dtype=f16 T=260 N=1280 K=2560 ldy=1280 beta=0 workspace=0
prefill gemm: Lt solution=2539 dtype=f16 T=260 N=2560 K=640 ldy=2560 beta=0 workspace=0
prefill gemm: Lt solution=2538 dtype=f16 T=120 N=1280 K=2560 ldy=1280 beta=0 workspace=0
prefill gemm: Lt solution=2539 dtype=f16 T=120 N=2560 K=640 ldy=2560 beta=0 workspace=0
prefill gemm: Lt solution=2537 dtype=f16 T=71 N=1280 K=2560 ldy=1280 beta=0 workspace=0
prefill gemm: Lt solution=2538 dtype=f16 T=71 N=2560 K=640 ldy=2560 beta=0 workspace=0
prefill gemm: Lt solution=2539 dtype=f16 T=174 N=1280 K=2560 ldy=1280 beta=0 workspace=0
prefill gemm: Lt solution=2539 dtype=f16 T=174 N=2560 K=640 ldy=2560 beta=0 workspace=0
prefill gemm: Lt solution=2539 dtype=f16 T=170 N=1280 K=2560 ldy=1280 beta=0 workspace=0
prefill gemm: Lt solution=2539 dtype=f16 T=170 N=2560 K=640 ldy=2560 beta=0 workspace=0
prefill gemm: Lt solution=2551 dtype=f16 T=26 N=1280 K=2560 ldy=1280 beta=0 workspace=0
prefill gemm: Lt solution=2538 dtype=f16 T=26 N=2560 K=640 ldy=2560 beta=0 workspace=0
prefill gemm: Lt solution=2538 dtype=f16 T=138 N=1280 K=2560 ldy=1280 beta=0 workspace=0
prefill gemm: Lt solution=2539 dtype=f16 T=138 N=2560 K=640 ldy=2560 beta=0 workspace=0
prefill gemm: Lt solution=2539 dtype=f16 T=107 N=1280 K=2560 ldy=1280 beta=0 workspace=0
prefill gemm: Lt solution=2539 dtype=f16 T=107 N=2560 K=640 ldy=2560 beta=0 workspace=0
prefill gemm: Lt solution=2537 dtype=f16 T=63 N=1280 K=2560 ldy=1280 beta=0 workspace=0
prefill gemm: Lt solution=2538 dtype=f16 T=63 N=2560 K=640 ldy=2560 beta=0 workspace=0
prefill gemm: Lt solution=2539 dtype=f16 T=265 N=1280 K=2560 ldy=1280 beta=0 workspace=0
prefill gemm: Lt solution=2539 dtype=f16 T=265 N=2560 K=640 ldy=2560 beta=0 workspace=0
prefill gemm: Lt solution=2538 dtype=f16 T=134 N=1280 K=2560 ldy=1280 beta=0 workspace=0
prefill gemm: Lt solution=2539 dtype=f16 T=134 N=2560 K=640 ldy=2560 beta=0 workspace=0
prefill gemm: Lt solution=2538 dtype=f16 T=122 N=1280 K=2560 ldy=1280 beta=0 workspace=0
prefill gemm: Lt solution=2539 dtype=f16 T=122 N=2560 K=640 ldy=2560 beta=0 workspace=0
prefill gemm: Lt solution=2539 dtype=f16 T=179 N=1280 K=2560 ldy=1280 beta=0 workspace=0
prefill gemm: Lt solution=2539 dtype=f16 T=179 N=2560 K=640 ldy=2560 beta=0 workspace=0
prefill gemm: Lt solution=2539 dtype=f16 T=219 N=1280 K=2560 ldy=1280 beta=0 workspace=0
prefill gemm: Lt solution=2539 dtype=f16 T=219 N=2560 K=640 ldy=2560 beta=0 workspace=0
prefill gemm: Lt solution=2539 dtype=f16 T=385 N=1280 K=2560 ldy=1280 beta=0 workspace=0
prefill gemm: Lt solution=2539 dtype=f16 T=385 N=2560 K=640 ldy=2560 beta=0 workspace=0
prefill gemm: Lt solution=2537 dtype=f16 T=78 N=1280 K=2560 ldy=1280 beta=0 workspace=0
prefill gemm: Lt solution=2538 dtype=f16 T=78 N=2560 K=640 ldy=2560 beta=0 workspace=0
prefill gemm: Lt solution=2538 dtype=f16 T=135 N=1280 K=2560 ldy=1280 beta=0 workspace=0
prefill gemm: Lt solution=2539 dtype=f16 T=135 N=2560 K=640 ldy=2560 beta=0 workspace=0
prefill gemm: Lt solution=2539 dtype=f16 T=97 N=1280 K=2560 ldy=1280 beta=0 workspace=0
prefill gemm: Lt solution=2539 dtype=f16 T=97 N=2560 K=640 ldy=2560 beta=0 workspace=0
prefill gemm: Lt solution=2539 dtype=f16 T=540 N=1280 K=2560 ldy=1280 beta=0 workspace=0
prefill gemm: Lt solution=2539 dtype=f16 T=540 N=2560 K=640 ldy=2560 beta=0 workspace=0
prefill gemm: Lt solution=2537 dtype=f16 T=55 N=1280 K=2560 ldy=1280 beta=0 workspace=0
prefill gemm: Lt solution=2538 dtype=f16 T=55 N=2560 K=640 ldy=2560 beta=0 workspace=0
prefill gemm: Lt solution=2539 dtype=f16 T=235 N=1280 K=2560 ldy=1280 beta=0 workspace=0
prefill gemm: Lt solution=2539 dtype=f16 T=235 N=2560 K=640 ldy=2560 beta=0 workspace=0
prefill gemm: Lt solution=2551 dtype=f16 T=33 N=1280 K=2560 ldy=1280 beta=0 workspace=0
prefill gemm: Lt solution=2538 dtype=f16 T=33 N=2560 K=640 ldy=2560 beta=0 workspace=0
prefill gemm: Lt solution=2539 dtype=f16 T=432 N=1280 K=2560 ldy=1280 beta=0 workspace=0
prefill gemm: Lt solution=2539 dtype=f16 T=432 N=2560 K=640 ldy=2560 beta=0 workspace=0
prefill gemm: Lt solution=2538 dtype=f16 T=153 N=1280 K=2560 ldy=1280 beta=0 workspace=0
prefill gemm: Lt solution=2539 dtype=f16 T=153 N=2560 K=640 ldy=2560 beta=0 workspace=0
prefill gemm: Lt solution=2539 dtype=f16 T=291 N=1280 K=2560 ldy=1280 beta=0 workspace=0
prefill gemm: Lt solution=2539 dtype=f16 T=291 N=2560 K=640 ldy=2560 beta=0 workspace=0
prefill gemm: Lt solution=2539 dtype=f16 T=205 N=1280 K=2560 ldy=1280 beta=0 workspace=0
prefill gemm: Lt solution=2539 dtype=f16 T=205 N=2560 K=640 ldy=2560 beta=0 workspace=0
prefill gemm: Lt solution=2539 dtype=f16 T=104 N=1280 K=2560 ldy=1280 beta=0 workspace=0
prefill gemm: Lt solution=2539 dtype=f16 T=104 N=2560 K=640 ldy=2560 beta=0 workspace=0
prefill gemm: Lt solution=2539 dtype=f16 T=96 N=1280 K=2560 ldy=1280 beta=0 workspace=0
prefill gemm: Lt solution=2539 dtype=f16 T=96 N=2560 K=640 ldy=2560 beta=0 workspace=0
prefill gemm: Lt solution=2537 dtype=f16 T=6 N=1280 K=2560 ldy=1280 beta=0 workspace=0
prefill gemm: Lt solution=2549 dtype=f16 T=6 N=2560 K=640 ldy=2560 beta=0 workspace=0
prefill gemm: Lt solution=2539 dtype=f16 T=355 N=1280 K=2560 ldy=1280 beta=0 workspace=0
prefill gemm: Lt solution=2539 dtype=f16 T=355 N=2560 K=640 ldy=2560 beta=0 workspace=0
prefill gemm: Lt solution=2539 dtype=f16 T=434 N=1280 K=2560 ldy=1280 beta=0 workspace=0
prefill gemm: Lt solution=2539 dtype=f16 T=434 N=2560 K=640 ldy=2560 beta=0 workspace=0
prefill gemm: Lt solution=2539 dtype=f16 T=101 N=1280 K=2560 ldy=1280 beta=0 workspace=0
prefill gemm: Lt solution=2539 dtype=f16 T=101 N=2560 K=640 ldy=2560 beta=0 workspace=0
prefill gemm: Lt solution=2539 dtype=f16 T=593 N=1280 K=2560 ldy=1280 beta=0 workspace=0
prefill gemm: Lt solution=2539 dtype=f16 T=593 N=2560 K=640 ldy=2560 beta=0 workspace=0
prefill gemm: Lt solution=2539 dtype=f16 T=90 N=1280 K=2560 ldy=1280 beta=0 workspace=0
prefill gemm: Lt solution=2539 dtype=f16 T=90 N=2560 K=640 ldy=2560 beta=0 workspace=0
prefill gemm: Lt solution=2537 dtype=f16 T=80 N=1280 K=2560 ldy=1280 beta=0 workspace=0
prefill gemm: Lt solution=2538 dtype=f16 T=80 N=2560 K=640 ldy=2560 beta=0 workspace=0
prefill gemm: Lt solution=2539 dtype=f16 T=253 N=1280 K=2560 ldy=1280 beta=0 workspace=0
prefill gemm: Lt solution=2539 dtype=f16 T=253 N=2560 K=640 ldy=2560 beta=0 workspace=0
prefill gemm: Lt solution=2539 dtype=f16 T=504 N=1280 K=2560 ldy=1280 beta=0 workspace=0
prefill gemm: Lt solution=2539 dtype=f16 T=504 N=2560 K=640 ldy=2560 beta=0 workspace=0
prefill gemm: Lt solution=2538 dtype=f16 T=141 N=1280 K=2560 ldy=1280 beta=0 workspace=0
prefill gemm: Lt solution=2539 dtype=f16 T=141 N=2560 K=640 ldy=2560 beta=0 workspace=0
prefill gemm: Lt solution=2538 dtype=f16 T=119 N=1280 K=2560 ldy=1280 beta=0 workspace=0
prefill gemm: Lt solution=2539 dtype=f16 T=119 N=2560 K=640 ldy=2560 beta=0 workspace=0
prefill gemm: Lt solution=2539 dtype=f16 T=231 N=1280 K=2560 ldy=1280 beta=0 workspace=0
prefill gemm: Lt solution=2539 dtype=f16 T=231 N=2560 K=640 ldy=2560 beta=0 workspace=0
prefill gemm: Lt solution=2539 dtype=f16 T=225 N=1280 K=2560 ldy=1280 beta=0 workspace=0
prefill gemm: Lt solution=2539 dtype=f16 T=225 N=2560 K=640 ldy=2560 beta=0 workspace=0
prefill gemm: Lt solution=2537 dtype=f16 T=23 N=1280 K=2560 ldy=1280 beta=0 workspace=0
prefill gemm: Lt solution=2549 dtype=f16 T=23 N=2560 K=640 ldy=2560 beta=0 workspace=0
prefill gemm: Lt solution=2539 dtype=f16 T=190 N=1280 K=2560 ldy=1280 beta=0 workspace=0
prefill gemm: Lt solution=2539 dtype=f16 T=190 N=2560 K=640 ldy=2560 beta=0 workspace=0
prefill gemm: Lt solution=2539 dtype=f16 T=296 N=1280 K=2560 ldy=1280 beta=0 workspace=0
prefill gemm: Lt solution=2539 dtype=f16 T=296 N=2560 K=640 ldy=2560 beta=0 workspace=0
prefill gemm: Lt solution=2539 dtype=f16 T=196 N=1280 K=2560 ldy=1280 beta=0 workspace=0
prefill gemm: Lt solution=2539 dtype=f16 T=196 N=2560 K=640 ldy=2560 beta=0 workspace=0
prefill gemm: Lt solution=2551 dtype=f16 T=28 N=1280 K=2560 ldy=1280 beta=0 workspace=0
prefill gemm: Lt solution=2538 dtype=f16 T=28 N=2560 K=640 ldy=2560 beta=0 workspace=0
prefill gemm: Lt solution=2539 dtype=f16 T=226 N=1280 K=2560 ldy=1280 beta=0 workspace=0
prefill gemm: Lt solution=2539 dtype=f16 T=226 N=2560 K=640 ldy=2560 beta=0 workspace=0
prefill gemm: Lt solution=2539 dtype=f16 T=371 N=1280 K=2560 ldy=1280 beta=0 workspace=0
prefill gemm: Lt solution=2539 dtype=f16 T=371 N=2560 K=640 ldy=2560 beta=0 workspace=0
prefill gemm: Lt solution=2539 dtype=f16 T=289 N=1280 K=2560 ldy=1280 beta=0 workspace=0
prefill gemm: Lt solution=2539 dtype=f16 T=289 N=2560 K=640 ldy=2560 beta=0 workspace=0
prefill gemm: Lt solution=2539 dtype=f16 T=185 N=1280 K=2560 ldy=1280 beta=0 workspace=0
prefill gemm: Lt solution=2539 dtype=f16 T=185 N=2560 K=640 ldy=2560 beta=0 workspace=0
prefill gemm: Lt solution=2539 dtype=f16 T=352 N=1280 K=2560 ldy=1280 beta=0 workspace=0
prefill gemm: Lt solution=2539 dtype=f16 T=352 N=2560 K=640 ldy=2560 beta=0 workspace=0
prefill gemm: Lt solution=2539 dtype=f16 T=847 N=1280 K=2560 ldy=1280 beta=0 workspace=0
prefill gemm: Lt solution=2539 dtype=f16 T=847 N=2560 K=640 ldy=2560 beta=0 workspace=0
prefill gemm: Lt solution=2537 dtype=f16 T=21 N=1280 K=2560 ldy=1280 beta=0 workspace=0
prefill gemm: Lt solution=2549 dtype=f16 T=21 N=2560 K=640 ldy=2560 beta=0 workspace=0
prefill gemm: Lt solution=2539 dtype=f16 T=377 N=1280 K=2560 ldy=1280 beta=0 workspace=0
prefill gemm: Lt solution=2539 dtype=f16 T=377 N=2560 K=640 ldy=2560 beta=0 workspace=0
prefill gemm: Lt solution=2539 dtype=f16 T=222 N=1280 K=2560 ldy=1280 beta=0 workspace=0
prefill gemm: Lt solution=2539 dtype=f16 T=222 N=2560 K=640 ldy=2560 beta=0 workspace=0
prefill gemm: Lt solution=2538 dtype=f16 T=127 N=1280 K=2560 ldy=1280 beta=0 workspace=0
prefill gemm: Lt solution=2539 dtype=f16 T=127 N=2560 K=640 ldy=2560 beta=0 workspace=0
prefill gemm: Lt solution=2537 dtype=f16 T=76 N=1280 K=2560 ldy=1280 beta=0 workspace=0
prefill gemm: Lt solution=2538 dtype=f16 T=76 N=2560 K=640 ldy=2560 beta=0 workspace=0
prefill gemm: Lt solution=2539 dtype=f16 T=87 N=1280 K=2560 ldy=1280 beta=0 workspace=0
prefill gemm: Lt solution=2539 dtype=f16 T=87 N=2560 K=640 ldy=2560 beta=0 workspace=0
prefill gemm: Lt solution=2539 dtype=f16 T=311 N=1280 K=2560 ldy=1280 beta=0 workspace=0
prefill gemm: Lt solution=2539 dtype=f16 T=311 N=2560 K=640 ldy=2560 beta=0 workspace=0
prefill gemm: Lt solution=2539 dtype=f16 T=213 N=1280 K=2560 ldy=1280 beta=0 workspace=0
prefill gemm: Lt solution=2539 dtype=f16 T=213 N=2560 K=640 ldy=2560 beta=0 workspace=0
prefill gemm: Lt solution=2537 dtype=f16 T=13 N=1280 K=2560 ldy=1280 beta=0 workspace=0
prefill gemm: Lt solution=2549 dtype=f16 T=13 N=2560 K=640 ldy=2560 beta=0 workspace=0
prefill gemm: Lt solution=2539 dtype=f16 T=164 N=1280 K=2560 ldy=1280 beta=0 workspace=0
prefill gemm: Lt solution=2539 dtype=f16 T=164 N=2560 K=640 ldy=2560 beta=0 workspace=0
prefill gemm: Lt solution=2537 dtype=f16 T=19 N=1280 K=2560 ldy=1280 beta=0 workspace=0
prefill gemm: Lt solution=2549 dtype=f16 T=19 N=2560 K=640 ldy=2560 beta=0 workspace=0
prefill gemm: Lt solution=2539 dtype=f16 T=91 N=1280 K=2560 ldy=1280 beta=0 workspace=0
prefill gemm: Lt solution=2539 dtype=f16 T=91 N=2560 K=640 ldy=2560 beta=0 workspace=0
prefill gemm: Lt solution=2539 dtype=f16 T=195 N=1280 K=2560 ldy=1280 beta=0 workspace=0
prefill gemm: Lt solution=2539 dtype=f16 T=195 N=2560 K=640 ldy=2560 beta=0 workspace=0
prefill gemm: Lt solution=2539 dtype=f16 T=161 N=1280 K=2560 ldy=1280 beta=0 workspace=0
prefill gemm: Lt solution=2539 dtype=f16 T=161 N=2560 K=640 ldy=2560 beta=0 workspace=0
prefill gemm: Lt solution=2551 dtype=f16 T=40 N=1280 K=2560 ldy=1280 beta=0 workspace=0
prefill gemm: Lt solution=2538 dtype=f16 T=40 N=2560 K=640 ldy=2560 beta=0 workspace=0
prefill gemm: Lt solution=2539 dtype=f16 T=178 N=1280 K=2560 ldy=1280 beta=0 workspace=0
prefill gemm: Lt solution=2539 dtype=f16 T=178 N=2560 K=640 ldy=2560 beta=0 workspace=0
prefill gemm: Lt solution=2539 dtype=f16 T=303 N=1280 K=2560 ldy=1280 beta=0 workspace=0
prefill gemm: Lt solution=2539 dtype=f16 T=303 N=2560 K=640 ldy=2560 beta=0 workspace=0
prefill gemm: Lt solution=1251 dtype=bf16 T=4165 N=10240 K=2560 ldy=10240 beta=0 workspace=0
prefill gemm: Lt solution=1251 dtype=bf16 T=4165 N=2560 K=2560 ldy=2560 beta=0 workspace=0
prefill gemm: Lt solution=2539 dtype=f16 T=110 N=1280 K=2560 ldy=1280 beta=0 workspace=0
prefill gemm: Lt solution=2539 dtype=f16 T=110 N=2560 K=640 ldy=2560 beta=0 workspace=0
prefill gemm: Lt solution=2539 dtype=f16 T=180 N=1280 K=2560 ldy=1280 beta=0 workspace=0
prefill gemm: Lt solution=2539 dtype=f16 T=180 N=2560 K=640 ldy=2560 beta=0 workspace=0
prefill gemm: Lt solution=2537 dtype=f16 T=74 N=1280 K=2560 ldy=1280 beta=0 workspace=0
prefill gemm: Lt solution=2538 dtype=f16 T=74 N=2560 K=640 ldy=2560 beta=0 workspace=0
prefill gemm: Lt solution=2539 dtype=f16 T=400 N=1280 K=2560 ldy=1280 beta=0 workspace=0
prefill gemm: Lt solution=2539 dtype=f16 T=400 N=2560 K=640 ldy=2560 beta=0 workspace=0
prefill gemm: Lt solution=2539 dtype=f16 T=481 N=1280 K=2560 ldy=1280 beta=0 workspace=0
prefill gemm: Lt solution=2539 dtype=f16 T=481 N=2560 K=640 ldy=2560 beta=0 workspace=0
prefill gemm: Lt solution=2539 dtype=f16 T=92 N=1280 K=2560 ldy=1280 beta=0 workspace=0
prefill gemm: Lt solution=2539 dtype=f16 T=92 N=2560 K=640 ldy=2560 beta=0 workspace=0
prefill gemm: Lt solution=2539 dtype=f16 T=181 N=1280 K=2560 ldy=1280 beta=0 workspace=0
prefill gemm: Lt solution=2539 dtype=f16 T=181 N=2560 K=640 ldy=2560 beta=0 workspace=0
prefill gemm: Lt solution=2539 dtype=f16 T=317 N=1280 K=2560 ldy=1280 beta=0 workspace=0
prefill gemm: Lt solution=2539 dtype=f16 T=317 N=2560 K=640 ldy=2560 beta=0 workspace=0
prefill gemm: Lt solution=2539 dtype=f16 T=301 N=1280 K=2560 ldy=1280 beta=0 workspace=0
prefill gemm: Lt solution=2539 dtype=f16 T=301 N=2560 K=640 ldy=2560 beta=0 workspace=0
prefill gemm: Lt solution=2537 dtype=f16 T=60 N=1280 K=2560 ldy=1280 beta=0 workspace=0
prefill gemm: Lt solution=2538 dtype=f16 T=60 N=2560 K=640 ldy=2560 beta=0 workspace=0
prefill gemm: Lt solution=2539 dtype=f16 T=584 N=1280 K=2560 ldy=1280 beta=0 workspace=0
prefill gemm: Lt solution=2539 dtype=f16 T=584 N=2560 K=640 ldy=2560 beta=0 workspace=0
prefill gemm: Lt solution=2539 dtype=f16 T=274 N=1280 K=2560 ldy=1280 beta=0 workspace=0
prefill gemm: Lt solution=2539 dtype=f16 T=274 N=2560 K=640 ldy=2560 beta=0 workspace=0
prefill gemm: Lt solution=2551 dtype=f16 T=45 N=1280 K=2560 ldy=1280 beta=0 workspace=0
prefill gemm: Lt solution=2538 dtype=f16 T=45 N=2560 K=640 ldy=2560 beta=0 workspace=0
prefill gemm: Lt solution=2538 dtype=f16 T=142 N=1280 K=2560 ldy=1280 beta=0 workspace=0
prefill gemm: Lt solution=2539 dtype=f16 T=142 N=2560 K=640 ldy=2560 beta=0 workspace=0
prefill gemm: Lt solution=2538 dtype=f16 T=129 N=1280 K=2560 ldy=1280 beta=0 workspace=0
prefill gemm: Lt solution=2539 dtype=f16 T=129 N=2560 K=640 ldy=2560 beta=0 workspace=0
prefill gemm: Lt solution=2539 dtype=f16 T=184 N=1280 K=2560 ldy=1280 beta=0 workspace=0
prefill gemm: Lt solution=2539 dtype=f16 T=184 N=2560 K=640 ldy=2560 beta=0 workspace=0
prefill gemm: Lt solution=2539 dtype=f16 T=182 N=1280 K=2560 ldy=1280 beta=0 workspace=0
prefill gemm: Lt solution=2539 dtype=f16 T=182 N=2560 K=640 ldy=2560 beta=0 workspace=0
prefill gemm: Lt solution=2537 dtype=f16 T=61 N=1280 K=2560 ldy=1280 beta=0 workspace=0
prefill gemm: Lt solution=2538 dtype=f16 T=61 N=2560 K=640 ldy=2560 beta=0 workspace=0
prefill gemm: Lt solution=2551 dtype=f16 T=48 N=1280 K=2560 ldy=1280 beta=0 workspace=0
prefill gemm: Lt solution=2538 dtype=f16 T=48 N=2560 K=640 ldy=2560 beta=0 workspace=0
prefill gemm: Lt solution=2551 dtype=f16 T=46 N=1280 K=2560 ldy=1280 beta=0 workspace=0
prefill gemm: Lt solution=2538 dtype=f16 T=46 N=2560 K=640 ldy=2560 beta=0 workspace=0
prefill gemm: Lt solution=2537 dtype=f16 T=75 N=1280 K=2560 ldy=1280 beta=0 workspace=0
prefill gemm: Lt solution=2538 dtype=f16 T=75 N=2560 K=640 ldy=2560 beta=0 workspace=0
prefill gemm: Lt solution=2539 dtype=f16 T=578 N=1280 K=2560 ldy=1280 beta=0 workspace=0
prefill gemm: Lt solution=2539 dtype=f16 T=578 N=2560 K=640 ldy=2560 beta=0 workspace=0
prefill gemm: Lt solution=2537 dtype=f16 T=53 N=1280 K=2560 ldy=1280 beta=0 workspace=0
prefill gemm: Lt solution=2538 dtype=f16 T=53 N=2560 K=640 ldy=2560 beta=0 workspace=0
prefill gemm: Lt solution=2539 dtype=f16 T=533 N=1280 K=2560 ldy=1280 beta=0 workspace=0
prefill gemm: Lt solution=2539 dtype=f16 T=533 N=2560 K=640 ldy=2560 beta=0 workspace=0
prefill gemm: Lt solution=2539 dtype=f16 T=389 N=1280 K=2560 ldy=1280 beta=0 workspace=0
prefill gemm: Lt solution=2539 dtype=f16 T=389 N=2560 K=640 ldy=2560 beta=0 workspace=0
prefill gemm: Lt solution=2539 dtype=f16 T=405 N=1280 K=2560 ldy=1280 beta=0 workspace=0
prefill gemm: Lt solution=2539 dtype=f16 T=405 N=2560 K=640 ldy=2560 beta=0 workspace=0
prefill gemm: Lt solution=2537 dtype=f16 T=73 N=1280 K=2560 ldy=1280 beta=0 workspace=0
prefill gemm: Lt solution=2538 dtype=f16 T=73 N=2560 K=640 ldy=2560 beta=0 workspace=0
prefill gemm: Lt solution=2551 dtype=f16 T=42 N=1280 K=2560 ldy=1280 beta=0 workspace=0
prefill gemm: Lt solution=2538 dtype=f16 T=42 N=2560 K=640 ldy=2560 beta=0 workspace=0
prefill gemm: Lt solution=2539 dtype=f16 T=470 N=1280 K=2560 ldy=1280 beta=0 workspace=0
prefill gemm: Lt solution=2539 dtype=f16 T=470 N=2560 K=640 ldy=2560 beta=0 workspace=0
prefill gemm: Lt solution=2539 dtype=f16 T=830 N=1280 K=2560 ldy=1280 beta=0 workspace=0
prefill gemm: Lt solution=2539 dtype=f16 T=830 N=2560 K=640 ldy=2560 beta=0 workspace=0
prefill gemm: Lt solution=2551 dtype=f16 T=36 N=1280 K=2560 ldy=1280 beta=0 workspace=0
prefill gemm: Lt solution=2538 dtype=f16 T=36 N=2560 K=640 ldy=2560 beta=0 workspace=0
prefill gemm: Lt solution=2537 dtype=f16 T=22 N=1280 K=2560 ldy=1280 beta=0 workspace=0
prefill gemm: Lt solution=2549 dtype=f16 T=22 N=2560 K=640 ldy=2560 beta=0 workspace=0
prefill gemm: Lt solution=2539 dtype=f16 T=499 N=1280 K=2560 ldy=1280 beta=0 workspace=0
prefill gemm: Lt solution=2539 dtype=f16 T=499 N=2560 K=640 ldy=2560 beta=0 workspace=0
prefill gemm: Lt solution=2537 dtype=f16 T=7 N=1280 K=2560 ldy=1280 beta=0 workspace=0
prefill gemm: Lt solution=2549 dtype=f16 T=7 N=2560 K=640 ldy=2560 beta=0 workspace=0
prefill gemm: Lt solution=2539 dtype=f16 T=387 N=1280 K=2560 ldy=1280 beta=0 workspace=0
prefill gemm: Lt solution=2539 dtype=f16 T=387 N=2560 K=640 ldy=2560 beta=0 workspace=0
prefill gemm: Lt solution=2539 dtype=f16 T=322 N=1280 K=2560 ldy=1280 beta=0 workspace=0
prefill gemm: Lt solution=2539 dtype=f16 T=322 N=2560 K=640 ldy=2560 beta=0 workspace=0
prefill gemm: Lt solution=2539 dtype=f16 T=297 N=1280 K=2560 ldy=1280 beta=0 workspace=0
prefill gemm: Lt solution=2539 dtype=f16 T=297 N=2560 K=640 ldy=2560 beta=0 workspace=0
prefill gemm: Lt solution=2539 dtype=f16 T=418 N=1280 K=2560 ldy=1280 beta=0 workspace=0
prefill gemm: Lt solution=2539 dtype=f16 T=418 N=2560 K=640 ldy=2560 beta=0 workspace=0
prefill gemm: Lt solution=2539 dtype=f16 T=227 N=1280 K=2560 ldy=1280 beta=0 workspace=0
prefill gemm: Lt solution=2539 dtype=f16 T=227 N=2560 K=640 ldy=2560 beta=0 workspace=0
prefill gemm: Lt solution=2539 dtype=f16 T=628 N=1280 K=2560 ldy=1280 beta=0 workspace=0
prefill gemm: Lt solution=2539 dtype=f16 T=628 N=2560 K=640 ldy=2560 beta=0 workspace=0
prefill gemm: Lt solution=2539 dtype=f16 T=221 N=1280 K=2560 ldy=1280 beta=0 workspace=0
prefill gemm: Lt solution=2539 dtype=f16 T=221 N=2560 K=640 ldy=2560 beta=0 workspace=0
prefill gemm: Lt solution=2537 dtype=f16 T=64 N=1280 K=2560 ldy=1280 beta=0 workspace=0
prefill gemm: Lt solution=2538 dtype=f16 T=64 N=2560 K=640 ldy=2560 beta=0 workspace=0
prefill gemm: Lt solution=2539 dtype=f16 T=950 N=1280 K=2560 ldy=1280 beta=0 workspace=0
prefill gemm: Lt solution=2539 dtype=f16 T=950 N=2560 K=640 ldy=2560 beta=0 workspace=0
prefill gemm: Lt solution=2539 dtype=f16 T=246 N=1280 K=2560 ldy=1280 beta=0 workspace=0
prefill gemm: Lt solution=2539 dtype=f16 T=246 N=2560 K=640 ldy=2560 beta=0 workspace=0
prefill gemm: Lt solution=2539 dtype=f16 T=197 N=1280 K=2560 ldy=1280 beta=0 workspace=0
prefill gemm: Lt solution=2539 dtype=f16 T=197 N=2560 K=640 ldy=2560 beta=0 workspace=0
prefill gemm: Lt solution=2539 dtype=f16 T=202 N=1280 K=2560 ldy=1280 beta=0 workspace=0
prefill gemm: Lt solution=2539 dtype=f16 T=202 N=2560 K=640 ldy=2560 beta=0 workspace=0
prefill gemm: Lt solution=2539 dtype=f16 T=210 N=1280 K=2560 ldy=1280 beta=0 workspace=0
prefill gemm: Lt solution=2539 dtype=f16 T=210 N=2560 K=640 ldy=2560 beta=0 workspace=0
prefill gemm: Lt solution=2537 dtype=f16 T=4 N=1280 K=2560 ldy=1280 beta=0 workspace=0
prefill gemm: Lt solution=2549 dtype=f16 T=4 N=2560 K=640 ldy=2560 beta=0 workspace=0
prefill gemm: Lt solution=2539 dtype=f16 T=363 N=1280 K=2560 ldy=1280 beta=0 workspace=0
prefill gemm: Lt solution=2539 dtype=f16 T=363 N=2560 K=640 ldy=2560 beta=0 workspace=0
prefill gemm: Lt solution=2537 dtype=f16 T=72 N=1280 K=2560 ldy=1280 beta=0 workspace=0
prefill gemm: Lt solution=2538 dtype=f16 T=72 N=2560 K=640 ldy=2560 beta=0 workspace=0
prefill gemm: Lt solution=2551 dtype=f16 T=35 N=1280 K=2560 ldy=1280 beta=0 workspace=0
prefill gemm: Lt solution=2538 dtype=f16 T=35 N=2560 K=640 ldy=2560 beta=0 workspace=0
prefill gemm: Lt solution=2537 dtype=f16 T=17 N=1280 K=2560 ldy=1280 beta=0 workspace=0
prefill gemm: Lt solution=2549 dtype=f16 T=17 N=2560 K=640 ldy=2560 beta=0 workspace=0
prefill gemm: Lt solution=2539 dtype=f16 T=295 N=1280 K=2560 ldy=1280 beta=0 workspace=0
prefill gemm: Lt solution=2539 dtype=f16 T=295 N=2560 K=640 ldy=2560 beta=0 workspace=0
prefill gemm: Lt solution=2539 dtype=f16 T=329 N=1280 K=2560 ldy=1280 beta=0 workspace=0
prefill gemm: Lt solution=2539 dtype=f16 T=329 N=2560 K=640 ldy=2560 beta=0 workspace=0
prefill gemm: Lt solution=2539 dtype=f16 T=512 N=1280 K=2560 ldy=1280 beta=0 workspace=0
prefill gemm: Lt solution=2539 dtype=f16 T=512 N=2560 K=640 ldy=2560 beta=0 workspace=0
prefill gemm: Lt solution=2539 dtype=f16 T=454 N=1280 K=2560 ldy=1280 beta=0 workspace=0
prefill gemm: Lt solution=2539 dtype=f16 T=454 N=2560 K=640 ldy=2560 beta=0 workspace=0
prefill gemm: Lt solution=2538 dtype=f16 T=147 N=1280 K=2560 ldy=1280 beta=0 workspace=0
prefill gemm: Lt solution=2539 dtype=f16 T=147 N=2560 K=640 ldy=2560 beta=0 workspace=0
prefill gemm: Lt solution=2539 dtype=f16 T=410 N=1280 K=2560 ldy=1280 beta=0 workspace=0
prefill gemm: Lt solution=2539 dtype=f16 T=410 N=2560 K=640 ldy=2560 beta=0 workspace=0
prefill gemm: Lt solution=2538 dtype=f16 T=159 N=1280 K=2560 ldy=1280 beta=0 workspace=0
prefill gemm: Lt solution=2539 dtype=f16 T=159 N=2560 K=640 ldy=2560 beta=0 workspace=0
prefill gemm: Lt solution=2539 dtype=f16 T=273 N=1280 K=2560 ldy=1280 beta=0 workspace=0
prefill gemm: Lt solution=2539 dtype=f16 T=273 N=2560 K=640 ldy=2560 beta=0 workspace=0
prefill gemm: Lt solution=2537 dtype=f16 T=77 N=1280 K=2560 ldy=1280 beta=0 workspace=0
prefill gemm: Lt solution=2538 dtype=f16 T=77 N=2560 K=640 ldy=2560 beta=0 workspace=0
prefill gemm: Lt solution=2539 dtype=f16 T=176 N=1280 K=2560 ldy=1280 beta=0 workspace=0
prefill gemm: Lt solution=2539 dtype=f16 T=176 N=2560 K=640 ldy=2560 beta=0 workspace=0
prefill gemm: Lt solution=2537 dtype=f16 T=52 N=1280 K=2560 ldy=1280 beta=0 workspace=0
prefill gemm: Lt solution=2538 dtype=f16 T=52 N=2560 K=640 ldy=2560 beta=0 workspace=0
prefill gemm: Lt solution=2551 dtype=f16 T=27 N=1280 K=2560 ldy=1280 beta=0 workspace=0
prefill gemm: Lt solution=2538 dtype=f16 T=27 N=2560 K=640 ldy=2560 beta=0 workspace=0
prefill gemm: Lt solution=2551 dtype=f16 T=43 N=1280 K=2560 ldy=1280 beta=0 workspace=0
prefill gemm: Lt solution=2538 dtype=f16 T=43 N=2560 K=640 ldy=2560 beta=0 workspace=0
prefill gemm: Lt solution=2538 dtype=f16 T=146 N=1280 K=2560 ldy=1280 beta=0 workspace=0
prefill gemm: Lt solution=2539 dtype=f16 T=146 N=2560 K=640 ldy=2560 beta=0 workspace=0
prefill gemm: Lt solution=2539 dtype=f16 T=1935 N=1280 K=2560 ldy=1280 beta=0 workspace=0
prefill gemm: Lt solution=2539 dtype=f16 T=1935 N=2560 K=640 ldy=2560 beta=0 workspace=0
prefill gemm: Lt solution=2539 dtype=f16 T=594 N=1280 K=2560 ldy=1280 beta=0 workspace=0
prefill gemm: Lt solution=2539 dtype=f16 T=594 N=2560 K=640 ldy=2560 beta=0 workspace=0
prefill gemm: Lt solution=2537 dtype=f16 T=10 N=1280 K=2560 ldy=1280 beta=0 workspace=0
prefill gemm: Lt solution=2549 dtype=f16 T=10 N=2560 K=640 ldy=2560 beta=0 workspace=0
prefill gemm: Lt solution=2539 dtype=f16 T=589 N=1280 K=2560 ldy=1280 beta=0 workspace=0
prefill gemm: Lt solution=2539 dtype=f16 T=589 N=2560 K=640 ldy=2560 beta=0 workspace=0
prefill gemm: Lt solution=2539 dtype=f16 T=169 N=1280 K=2560 ldy=1280 beta=0 workspace=0
prefill gemm: Lt solution=2539 dtype=f16 T=169 N=2560 K=640 ldy=2560 beta=0 workspace=0
prefill gemm: Lt solution=2539 dtype=f16 T=508 N=1280 K=2560 ldy=1280 beta=0 workspace=0
prefill gemm: Lt solution=2539 dtype=f16 T=508 N=2560 K=640 ldy=2560 beta=0 workspace=0
prefill gemm: Lt solution=2537 dtype=f16 T=51 N=1280 K=2560 ldy=1280 beta=0 workspace=0
prefill gemm: Lt solution=2538 dtype=f16 T=51 N=2560 K=640 ldy=2560 beta=0 workspace=0
prefill gemm: Lt solution=2538 dtype=f16 T=115 N=1280 K=2560 ldy=1280 beta=0 workspace=0
prefill gemm: Lt solution=2539 dtype=f16 T=115 N=2560 K=640 ldy=2560 beta=0 workspace=0
prefill gemm: Lt solution=2539 dtype=f16 T=415 N=1280 K=2560 ldy=1280 beta=0 workspace=0
prefill gemm: Lt solution=2539 dtype=f16 T=415 N=2560 K=640 ldy=2560 beta=0 workspace=0
prefill gemm: Lt solution=2539 dtype=f16 T=238 N=1280 K=2560 ldy=1280 beta=0 workspace=0
prefill gemm: Lt solution=2539 dtype=f16 T=238 N=2560 K=640 ldy=2560 beta=0 workspace=0
prefill gemm: Lt solution=2539 dtype=f16 T=424 N=1280 K=2560 ldy=1280 beta=0 workspace=0
prefill gemm: Lt solution=2539 dtype=f16 T=424 N=2560 K=640 ldy=2560 beta=0 workspace=0
prefill gemm: Lt solution=2539 dtype=f16 T=279 N=1280 K=2560 ldy=1280 beta=0 workspace=0
prefill gemm: Lt solution=2539 dtype=f16 T=279 N=2560 K=640 ldy=2560 beta=0 workspace=0
prefill gemm: Lt solution=2538 dtype=f16 T=125 N=1280 K=2560 ldy=1280 beta=0 workspace=0
prefill gemm: Lt solution=2539 dtype=f16 T=125 N=2560 K=640 ldy=2560 beta=0 workspace=0
prefill gemm: Lt solution=2539 dtype=f16 T=188 N=1280 K=2560 ldy=1280 beta=0 workspace=0
prefill gemm: Lt solution=2539 dtype=f16 T=188 N=2560 K=640 ldy=2560 beta=0 workspace=0
prefill gemm: Lt solution=2539 dtype=f16 T=546 N=1280 K=2560 ldy=1280 beta=0 workspace=0
prefill gemm: Lt solution=2539 dtype=f16 T=546 N=2560 K=640 ldy=2560 beta=0 workspace=0
prefill gemm: Lt solution=2539 dtype=f16 T=356 N=1280 K=2560 ldy=1280 beta=0 workspace=0
prefill gemm: Lt solution=2539 dtype=f16 T=356 N=2560 K=640 ldy=2560 beta=0 workspace=0
prefill gemm: Lt solution=2538 dtype=f16 T=140 N=1280 K=2560 ldy=1280 beta=0 workspace=0
prefill gemm: Lt solution=2539 dtype=f16 T=140 N=2560 K=640 ldy=2560 beta=0 workspace=0
prefill gemm: Lt solution=2539 dtype=f16 T=232 N=1280 K=2560 ldy=1280 beta=0 workspace=0
prefill gemm: Lt solution=2539 dtype=f16 T=232 N=2560 K=640 ldy=2560 beta=0 workspace=0
prefill gemm: Lt solution=2539 dtype=f16 T=458 N=1280 K=2560 ldy=1280 beta=0 workspace=0
prefill gemm: Lt solution=2539 dtype=f16 T=458 N=2560 K=640 ldy=2560 beta=0 workspace=0
prefill gemm: Lt solution=2539 dtype=f16 T=268 N=1280 K=2560 ldy=1280 beta=0 workspace=0
prefill gemm: Lt solution=2539 dtype=f16 T=268 N=2560 K=640 ldy=2560 beta=0 workspace=0
prefill gemm: Lt solution=2537 dtype=f16 T=58 N=1280 K=2560 ldy=1280 beta=0 workspace=0
prefill gemm: Lt solution=2538 dtype=f16 T=58 N=2560 K=640 ldy=2560 beta=0 workspace=0
prefill gemm: Lt solution=2539 dtype=f16 T=447 N=1280 K=2560 ldy=1280 beta=0 workspace=0
prefill gemm: Lt solution=2539 dtype=f16 T=447 N=2560 K=640 ldy=2560 beta=0 workspace=0
prefill gemm: Lt solution=2539 dtype=f16 T=254 N=1280 K=2560 ldy=1280 beta=0 workspace=0
prefill gemm: Lt solution=2539 dtype=f16 T=254 N=2560 K=640 ldy=2560 beta=0 workspace=0
prefill gemm: Lt solution=2539 dtype=f16 T=298 N=1280 K=2560 ldy=1280 beta=0 workspace=0
prefill gemm: Lt solution=2539 dtype=f16 T=298 N=2560 K=640 ldy=2560 beta=0 workspace=0
prefill gemm: Lt solution=2537 dtype=f16 T=20 N=1280 K=2560 ldy=1280 beta=0 workspace=0
prefill gemm: Lt solution=2549 dtype=f16 T=20 N=2560 K=640 ldy=2560 beta=0 workspace=0
prefill gemm: Lt solution=2539 dtype=f16 T=613 N=1280 K=2560 ldy=1280 beta=0 workspace=0
prefill gemm: Lt solution=2539 dtype=f16 T=613 N=2560 K=640 ldy=2560 beta=0 workspace=0
prefill gemm: Lt solution=2539 dtype=f16 T=223 N=1280 K=2560 ldy=1280 beta=0 workspace=0
prefill gemm: Lt solution=2539 dtype=f16 T=223 N=2560 K=640 ldy=2560 beta=0 workspace=0
prefill gemm: Lt solution=2539 dtype=f16 T=306 N=1280 K=2560 ldy=1280 beta=0 workspace=0
prefill gemm: Lt solution=2539 dtype=f16 T=306 N=2560 K=640 ldy=2560 beta=0 workspace=0
prefill gemm: Lt solution=2539 dtype=f16 T=477 N=1280 K=2560 ldy=1280 beta=0 workspace=0
prefill gemm: Lt solution=2539 dtype=f16 T=477 N=2560 K=640 ldy=2560 beta=0 workspace=0
prefill gemm: Lt solution=2539 dtype=f16 T=85 N=1280 K=2560 ldy=1280 beta=0 workspace=0
prefill gemm: Lt solution=2539 dtype=f16 T=85 N=2560 K=640 ldy=2560 beta=0 workspace=0
prefill gemm: Lt solution=2537 dtype=f16 T=65 N=1280 K=2560 ldy=1280 beta=0 workspace=0
prefill gemm: Lt solution=2538 dtype=f16 T=65 N=2560 K=640 ldy=2560 beta=0 workspace=0
prefill gemm: Lt solution=2539 dtype=f16 T=615 N=1280 K=2560 ldy=1280 beta=0 workspace=0
prefill gemm: Lt solution=2539 dtype=f16 T=615 N=2560 K=640 ldy=2560 beta=0 workspace=0
prefill gemm: Lt solution=2539 dtype=f16 T=429 N=1280 K=2560 ldy=1280 beta=0 workspace=0
prefill gemm: Lt solution=2539 dtype=f16 T=429 N=2560 K=640 ldy=2560 beta=0 workspace=0
prefill gemm: Lt solution=2539 dtype=f16 T=427 N=1280 K=2560 ldy=1280 beta=0 workspace=0
prefill gemm: Lt solution=2539 dtype=f16 T=427 N=2560 K=640 ldy=2560 beta=0 workspace=0
prefill gemm: Lt solution=2539 dtype=f16 T=264 N=1280 K=2560 ldy=1280 beta=0 workspace=0
prefill gemm: Lt solution=2539 dtype=f16 T=264 N=2560 K=640 ldy=2560 beta=0 workspace=0
prefill gemm: Lt solution=2539 dtype=f16 T=230 N=1280 K=2560 ldy=1280 beta=0 workspace=0
prefill gemm: Lt solution=2539 dtype=f16 T=230 N=2560 K=640 ldy=2560 beta=0 workspace=0
prefill gemm: Lt solution=2539 dtype=f16 T=349 N=1280 K=2560 ldy=1280 beta=0 workspace=0
prefill gemm: Lt solution=2539 dtype=f16 T=349 N=2560 K=640 ldy=2560 beta=0 workspace=0
prefill gemm: Lt solution=2539 dtype=f16 T=270 N=1280 K=2560 ldy=1280 beta=0 workspace=0
prefill gemm: Lt solution=2539 dtype=f16 T=270 N=2560 K=640 ldy=2560 beta=0 workspace=0
prefill gemm: Lt solution=2539 dtype=f16 T=215 N=1280 K=2560 ldy=1280 beta=0 workspace=0
prefill gemm: Lt solution=2539 dtype=f16 T=215 N=2560 K=640 ldy=2560 beta=0 workspace=0
prefill gemm: Lt solution=2539 dtype=f16 T=479 N=1280 K=2560 ldy=1280 beta=0 workspace=0
prefill gemm: Lt solution=2539 dtype=f16 T=479 N=2560 K=640 ldy=2560 beta=0 workspace=0
prefill gemm: Lt solution=2539 dtype=f16 T=314 N=1280 K=2560 ldy=1280 beta=0 workspace=0
prefill gemm: Lt solution=2539 dtype=f16 T=314 N=2560 K=640 ldy=2560 beta=0 workspace=0
prefill gemm: Lt solution=2537 dtype=f16 T=14 N=1280 K=2560 ldy=1280 beta=0 workspace=0
prefill gemm: Lt solution=2549 dtype=f16 T=14 N=2560 K=640 ldy=2560 beta=0 workspace=0
prefill gemm: Lt solution=2539 dtype=f16 T=354 N=1280 K=2560 ldy=1280 beta=0 workspace=0
prefill gemm: Lt solution=2539 dtype=f16 T=354 N=2560 K=640 ldy=2560 beta=0 workspace=0
prefill gemm: Lt solution=2539 dtype=f16 T=252 N=1280 K=2560 ldy=1280 beta=0 workspace=0
prefill gemm: Lt solution=2539 dtype=f16 T=252 N=2560 K=640 ldy=2560 beta=0 workspace=0
prefill gemm: Lt solution=2539 dtype=f16 T=175 N=1280 K=2560 ldy=1280 beta=0 workspace=0
prefill gemm: Lt solution=2539 dtype=f16 T=175 N=2560 K=640 ldy=2560 beta=0 workspace=0
prefill gemm: Lt solution=2539 dtype=f16 T=336 N=1280 K=2560 ldy=1280 beta=0 workspace=0
prefill gemm: Lt solution=2539 dtype=f16 T=336 N=2560 K=640 ldy=2560 beta=0 workspace=0
prefill gemm: Lt solution=2539 dtype=f16 T=183 N=1280 K=2560 ldy=1280 beta=0 workspace=0
prefill gemm: Lt solution=2539 dtype=f16 T=183 N=2560 K=640 ldy=2560 beta=0 workspace=0
prefill gemm: Lt solution=2551 dtype=f16 T=39 N=1280 K=2560 ldy=1280 beta=0 workspace=0
prefill gemm: Lt solution=2538 dtype=f16 T=39 N=2560 K=640 ldy=2560 beta=0 workspace=0
prefill gemm: Lt solution=2539 dtype=f16 T=346 N=1280 K=2560 ldy=1280 beta=0 workspace=0
prefill gemm: Lt solution=2539 dtype=f16 T=346 N=2560 K=640 ldy=2560 beta=0 workspace=0
prefill gemm: Lt solution=2551 dtype=f16 T=31 N=1280 K=2560 ldy=1280 beta=0 workspace=0
prefill gemm: Lt solution=2538 dtype=f16 T=31 N=2560 K=640 ldy=2560 beta=0 workspace=0
prefill gemm: Lt solution=2539 dtype=f16 T=271 N=1280 K=2560 ldy=1280 beta=0 workspace=0
prefill gemm: Lt solution=2539 dtype=f16 T=271 N=2560 K=640 ldy=2560 beta=0 workspace=0
prefill gemm: Lt solution=2539 dtype=f16 T=112 N=1280 K=2560 ldy=1280 beta=0 workspace=0
prefill gemm: Lt solution=2539 dtype=f16 T=112 N=2560 K=640 ldy=2560 beta=0 workspace=0
prefill gemm: Lt solution=2539 dtype=f16 T=501 N=1280 K=2560 ldy=1280 beta=0 workspace=0
prefill gemm: Lt solution=2539 dtype=f16 T=501 N=2560 K=640 ldy=2560 beta=0 workspace=0
prefill gemm: Lt solution=2539 dtype=f16 T=640 N=1280 K=2560 ldy=1280 beta=0 workspace=0
prefill gemm: Lt solution=2539 dtype=f16 T=640 N=2560 K=640 ldy=2560 beta=0 workspace=0
prefill gemm: Lt solution=2539 dtype=f16 T=1386 N=1280 K=2560 ldy=1280 beta=0 workspace=0
prefill gemm: Lt solution=2539 dtype=f16 T=1386 N=2560 K=640 ldy=2560 beta=0 workspace=0
prefill gemm: Lt solution=2539 dtype=f16 T=257 N=1280 K=2560 ldy=1280 beta=0 workspace=0
prefill gemm: Lt solution=2539 dtype=f16 T=257 N=2560 K=640 ldy=2560 beta=0 workspace=0
prefill gemm: Lt solution=2539 dtype=f16 T=554 N=1280 K=2560 ldy=1280 beta=0 workspace=0
prefill gemm: Lt solution=2539 dtype=f16 T=554 N=2560 K=640 ldy=2560 beta=0 workspace=0
prefill gemm: Lt solution=2538 dtype=f16 T=152 N=1280 K=2560 ldy=1280 beta=0 workspace=0
prefill gemm: Lt solution=2539 dtype=f16 T=152 N=2560 K=640 ldy=2560 beta=0 workspace=0
prefill gemm: Lt solution=2539 dtype=f16 T=461 N=1280 K=2560 ldy=1280 beta=0 workspace=0
prefill gemm: Lt solution=2539 dtype=f16 T=461 N=2560 K=640 ldy=2560 beta=0 workspace=0
prefill gemm: Lt solution=2539 dtype=f16 T=475 N=1280 K=2560 ldy=1280 beta=0 workspace=0
prefill gemm: Lt solution=2539 dtype=f16 T=475 N=2560 K=640 ldy=2560 beta=0 workspace=0
prefill gemm: Lt solution=2539 dtype=f16 T=269 N=1280 K=2560 ldy=1280 beta=0 workspace=0
prefill gemm: Lt solution=2539 dtype=f16 T=269 N=2560 K=640 ldy=2560 beta=0 workspace=0
prefill gemm: Lt solution=2539 dtype=f16 T=877 N=1280 K=2560 ldy=1280 beta=0 workspace=0
prefill gemm: Lt solution=2539 dtype=f16 T=877 N=2560 K=640 ldy=2560 beta=0 workspace=0
prefill gemm: Lt solution=2539 dtype=f16 T=319 N=1280 K=2560 ldy=1280 beta=0 workspace=0
prefill gemm: Lt solution=2539 dtype=f16 T=319 N=2560 K=640 ldy=2560 beta=0 workspace=0
prefill gemm: Lt solution=2539 dtype=f16 T=494 N=1280 K=2560 ldy=1280 beta=0 workspace=0
prefill gemm: Lt solution=2539 dtype=f16 T=494 N=2560 K=640 ldy=2560 beta=0 workspace=0
prefill gemm: Lt solution=2538 dtype=f16 T=132 N=1280 K=2560 ldy=1280 beta=0 workspace=0
prefill gemm: Lt solution=2539 dtype=f16 T=132 N=2560 K=640 ldy=2560 beta=0 workspace=0
prefill gemm: Lt solution=2539 dtype=f16 T=212 N=1280 K=2560 ldy=1280 beta=0 workspace=0
prefill gemm: Lt solution=2539 dtype=f16 T=212 N=2560 K=640 ldy=2560 beta=0 workspace=0
prefill gemm: Lt solution=2539 dtype=f16 T=412 N=1280 K=2560 ldy=1280 beta=0 workspace=0
prefill gemm: Lt solution=2539 dtype=f16 T=412 N=2560 K=640 ldy=2560 beta=0 workspace=0
prefill gemm: Lt solution=2539 dtype=f16 T=449 N=1280 K=2560 ldy=1280 beta=0 workspace=0
prefill gemm: Lt solution=2539 dtype=f16 T=449 N=2560 K=640 ldy=2560 beta=0 workspace=0
prefill gemm: Lt solution=2537 dtype=f16 T=1 N=1280 K=2560 ldy=1280 beta=0 workspace=0
prefill gemm: Lt solution=2549 dtype=f16 T=1 N=2560 K=640 ldy=2560 beta=0 workspace=0
prefill gemm: Lt solution=2539 dtype=f16 T=428 N=1280 K=2560 ldy=1280 beta=0 workspace=0
prefill gemm: Lt solution=2539 dtype=f16 T=428 N=2560 K=640 ldy=2560 beta=0 workspace=0
prefill gemm: Lt solution=2538 dtype=f16 T=157 N=1280 K=2560 ldy=1280 beta=0 workspace=0
prefill gemm: Lt solution=2539 dtype=f16 T=157 N=2560 K=640 ldy=2560 beta=0 workspace=0
prefill gemm: Lt solution=2537 dtype=f16 T=3 N=1280 K=2560 ldy=1280 beta=0 workspace=0
prefill gemm: Lt solution=2549 dtype=f16 T=3 N=2560 K=640 ldy=2560 beta=0 workspace=0
prefill gemm: Lt solution=2539 dtype=f16 T=334 N=1280 K=2560 ldy=1280 beta=0 workspace=0
prefill gemm: Lt solution=2539 dtype=f16 T=334 N=2560 K=640 ldy=2560 beta=0 workspace=0
prefill gemm: Lt solution=2539 dtype=f16 T=287 N=1280 K=2560 ldy=1280 beta=0 workspace=0
prefill gemm: Lt solution=2539 dtype=f16 T=287 N=2560 K=640 ldy=2560 beta=0 workspace=0
prefill gemm: Lt solution=2539 dtype=f16 T=369 N=1280 K=2560 ldy=1280 beta=0 workspace=0
prefill gemm: Lt solution=2539 dtype=f16 T=369 N=2560 K=640 ldy=2560 beta=0 workspace=0
prefill gemm: Lt solution=2539 dtype=f16 T=509 N=1280 K=2560 ldy=1280 beta=0 workspace=0
prefill gemm: Lt solution=2539 dtype=f16 T=509 N=2560 K=640 ldy=2560 beta=0 workspace=0
prefill gemm: Lt solution=2539 dtype=f16 T=388 N=1280 K=2560 ldy=1280 beta=0 workspace=0
prefill gemm: Lt solution=2539 dtype=f16 T=388 N=2560 K=640 ldy=2560 beta=0 workspace=0
prefill gemm: Lt solution=2539 dtype=f16 T=309 N=1280 K=2560 ldy=1280 beta=0 workspace=0
prefill gemm: Lt solution=2539 dtype=f16 T=309 N=2560 K=640 ldy=2560 beta=0 workspace=0
prefill gemm: Lt solution=2539 dtype=f16 T=438 N=1280 K=2560 ldy=1280 beta=0 workspace=0
prefill gemm: Lt solution=2539 dtype=f16 T=438 N=2560 K=640 ldy=2560 beta=0 workspace=0
prefill gemm: Lt solution=2539 dtype=f16 T=173 N=1280 K=2560 ldy=1280 beta=0 workspace=0
prefill gemm: Lt solution=2539 dtype=f16 T=173 N=2560 K=640 ldy=2560 beta=0 workspace=0
prefill gemm: Lt solution=2539 dtype=f16 T=471 N=1280 K=2560 ldy=1280 beta=0 workspace=0
prefill gemm: Lt solution=2539 dtype=f16 T=471 N=2560 K=640 ldy=2560 beta=0 workspace=0
prefill gemm: Lt solution=2539 dtype=f16 T=386 N=1280 K=2560 ldy=1280 beta=0 workspace=0
prefill gemm: Lt solution=2539 dtype=f16 T=386 N=2560 K=640 ldy=2560 beta=0 workspace=0
prefill gemm: Lt solution=2539 dtype=f16 T=450 N=1280 K=2560 ldy=1280 beta=0 workspace=0
prefill gemm: Lt solution=2539 dtype=f16 T=450 N=2560 K=640 ldy=2560 beta=0 workspace=0
prefill gemm: Lt solution=2537 dtype=f16 T=5 N=1280 K=2560 ldy=1280 beta=0 workspace=0
prefill gemm: Lt solution=2549 dtype=f16 T=5 N=2560 K=640 ldy=2560 beta=0 workspace=0
prefill gemm: Lt solution=2538 dtype=f16 T=154 N=1280 K=2560 ldy=1280 beta=0 workspace=0
prefill gemm: Lt solution=2539 dtype=f16 T=154 N=2560 K=640 ldy=2560 beta=0 workspace=0
prefill gemm: Lt solution=2539 dtype=f16 T=394 N=1280 K=2560 ldy=1280 beta=0 workspace=0
prefill gemm: Lt solution=2539 dtype=f16 T=394 N=2560 K=640 ldy=2560 beta=0 workspace=0
prefill gemm: Lt solution=2539 dtype=f16 T=440 N=1280 K=2560 ldy=1280 beta=0 workspace=0
prefill gemm: Lt solution=2539 dtype=f16 T=440 N=2560 K=640 ldy=2560 beta=0 workspace=0
prefill gemm: Lt solution=2539 dtype=f16 T=4165 N=512 K=2560 ldy=512 beta=0 workspace=0
prefill gemm: Lt solution=2539 dtype=f16 T=4165 N=12288 K=2560 ldy=12288 beta=0 workspace=0
prefill gemm: Lt solution=1251 dtype=bf16 T=4165 N=128 K=2560 ldy=128 beta=0 workspace=0
prefill gemm: Lt solution=1251 dtype=bf16 T=4165 N=512 K=2560 ldy=512 beta=0 workspace=0
prefill gemm: Lt solution=2539 dtype=f16 T=285 N=1280 K=2560 ldy=1280 beta=0 workspace=0
prefill gemm: Lt solution=2539 dtype=f16 T=285 N=2560 K=640 ldy=2560 beta=0 workspace=0
prefill gemm: Lt solution=2551 dtype=f16 T=29 N=1280 K=2560 ldy=1280 beta=0 workspace=0
prefill gemm: Lt solution=2538 dtype=f16 T=29 N=2560 K=640 ldy=2560 beta=0 workspace=0
prefill gemm: Lt solution=2539 dtype=f16 T=528 N=1280 K=2560 ldy=1280 beta=0 workspace=0
prefill gemm: Lt solution=2539 dtype=f16 T=528 N=2560 K=640 ldy=2560 beta=0 workspace=0
prefill gemm: Lt solution=2537 dtype=f16 T=59 N=1280 K=2560 ldy=1280 beta=0 workspace=0
prefill gemm: Lt solution=2538 dtype=f16 T=59 N=2560 K=640 ldy=2560 beta=0 workspace=0
prefill gemm: Lt solution=2539 dtype=f16 T=423 N=1280 K=2560 ldy=1280 beta=0 workspace=0
prefill gemm: Lt solution=2539 dtype=f16 T=423 N=2560 K=640 ldy=2560 beta=0 workspace=0
prefill gemm: Lt solution=2539 dtype=f16 T=989 N=1280 K=2560 ldy=1280 beta=0 workspace=0
prefill gemm: Lt solution=2539 dtype=f16 T=989 N=2560 K=640 ldy=2560 beta=0 workspace=0
prefill gemm: Lt solution=2539 dtype=f16 T=1866 N=1280 K=2560 ldy=1280 beta=0 workspace=0
prefill gemm: Lt solution=2539 dtype=f16 T=1866 N=2560 K=640 ldy=2560 beta=0 workspace=0
prefill gemm: Lt solution=2538 dtype=f16 T=137 N=1280 K=2560 ldy=1280 beta=0 workspace=0
prefill gemm: Lt solution=2539 dtype=f16 T=137 N=2560 K=640 ldy=2560 beta=0 workspace=0
prefill gemm: Lt solution=2539 dtype=f16 T=435 N=1280 K=2560 ldy=1280 beta=0 workspace=0
prefill gemm: Lt solution=2539 dtype=f16 T=435 N=2560 K=640 ldy=2560 beta=0 workspace=0
prefill gemm: Lt solution=2539 dtype=f16 T=366 N=1280 K=2560 ldy=1280 beta=0 workspace=0
prefill gemm: Lt solution=2539 dtype=f16 T=366 N=2560 K=640 ldy=2560 beta=0 workspace=0
prefill gemm: Lt solution=2539 dtype=f16 T=409 N=1280 K=2560 ldy=1280 beta=0 workspace=0
prefill gemm: Lt solution=2539 dtype=f16 T=409 N=2560 K=640 ldy=2560 beta=0 workspace=0
prefill gemm: Lt solution=2537 dtype=f16 T=8 N=1280 K=2560 ldy=1280 beta=0 workspace=0
prefill gemm: Lt solution=2549 dtype=f16 T=8 N=2560 K=640 ldy=2560 beta=0 workspace=0
prefill gemm: Lt solution=2537 dtype=f16 T=2 N=1280 K=2560 ldy=1280 beta=0 workspace=0
prefill gemm: Lt solution=2549 dtype=f16 T=2 N=2560 K=640 ldy=2560 beta=0 workspace=0
prefill gemm: Lt solution=2539 dtype=f16 T=337 N=1280 K=2560 ldy=1280 beta=0 workspace=0
prefill gemm: Lt solution=2539 dtype=f16 T=337 N=2560 K=640 ldy=2560 beta=0 workspace=0
prefill gemm: Lt solution=2539 dtype=f16 T=1767 N=1280 K=2560 ldy=1280 beta=0 workspace=0
prefill gemm: Lt solution=2539 dtype=f16 T=1767 N=2560 K=640 ldy=2560 beta=0 workspace=0
prefill gemm: Lt solution=2539 dtype=f16 T=310 N=1280 K=2560 ldy=1280 beta=0 workspace=0
prefill gemm: Lt solution=2539 dtype=f16 T=310 N=2560 K=640 ldy=2560 beta=0 workspace=0
prefill gemm: Lt solution=2539 dtype=f16 T=492 N=1280 K=2560 ldy=1280 beta=0 workspace=0
prefill gemm: Lt solution=2539 dtype=f16 T=492 N=2560 K=640 ldy=2560 beta=0 workspace=0
prefill gemm: Lt solution=2538 dtype=f16 T=158 N=1280 K=2560 ldy=1280 beta=0 workspace=0
prefill gemm: Lt solution=2539 dtype=f16 T=158 N=2560 K=640 ldy=2560 beta=0 workspace=0
prefill gemm: Lt solution=2551 dtype=f16 T=32 N=1280 K=2560 ldy=1280 beta=0 workspace=0
prefill gemm: Lt solution=2538 dtype=f16 T=32 N=2560 K=640 ldy=2560 beta=0 workspace=0
prefill gemm: Lt solution=2539 dtype=f16 T=627 N=1280 K=2560 ldy=1280 beta=0 workspace=0
prefill gemm: Lt solution=2539 dtype=f16 T=627 N=2560 K=640 ldy=2560 beta=0 workspace=0
prefill gemm: Lt solution=2539 dtype=f16 T=218 N=1280 K=2560 ldy=1280 beta=0 workspace=0
prefill gemm: Lt solution=2539 dtype=f16 T=218 N=2560 K=640 ldy=2560 beta=0 workspace=0
prefill gemm: Lt solution=2537 dtype=f16 T=9 N=1280 K=2560 ldy=1280 beta=0 workspace=0
prefill gemm: Lt solution=2549 dtype=f16 T=9 N=2560 K=640 ldy=2560 beta=0 workspace=0
prefill gemm: Lt solution=2539 dtype=f16 T=343 N=1280 K=2560 ldy=1280 beta=0 workspace=0
prefill gemm: Lt solution=2539 dtype=f16 T=343 N=2560 K=640 ldy=2560 beta=0 workspace=0
prefill gemm: Lt solution=2539 dtype=f16 T=453 N=1280 K=2560 ldy=1280 beta=0 workspace=0
prefill gemm: Lt solution=2539 dtype=f16 T=453 N=2560 K=640 ldy=2560 beta=0 workspace=0
prefill gemm: Lt solution=2538 dtype=f16 T=160 N=1280 K=2560 ldy=1280 beta=0 workspace=0
prefill gemm: Lt solution=2539 dtype=f16 T=160 N=2560 K=640 ldy=2560 beta=0 workspace=0
prefill gemm: Lt solution=2539 dtype=f16 T=551 N=1280 K=2560 ldy=1280 beta=0 workspace=0
prefill gemm: Lt solution=2539 dtype=f16 T=551 N=2560 K=640 ldy=2560 beta=0 workspace=0
prefill gemm: Lt solution=2539 dtype=f16 T=673 N=1280 K=2560 ldy=1280 beta=0 workspace=0
prefill gemm: Lt solution=2539 dtype=f16 T=673 N=2560 K=640 ldy=2560 beta=0 workspace=0
prefill gemm: Lt solution=2539 dtype=f16 T=495 N=1280 K=2560 ldy=1280 beta=0 workspace=0
prefill gemm: Lt solution=2539 dtype=f16 T=495 N=2560 K=640 ldy=2560 beta=0 workspace=0
prefill gemm: Lt solution=2539 dtype=f16 T=1277 N=1280 K=2560 ldy=1280 beta=0 workspace=0
prefill gemm: Lt solution=2539 dtype=f16 T=1277 N=2560 K=640 ldy=2560 beta=0 workspace=0
prefill gemm: Lt solution=2539 dtype=f16 T=616 N=1280 K=2560 ldy=1280 beta=0 workspace=0
prefill gemm: Lt solution=2539 dtype=f16 T=616 N=2560 K=640 ldy=2560 beta=0 workspace=0
prefill gemm: Lt solution=2539 dtype=f16 T=1003 N=1280 K=2560 ldy=1280 beta=0 workspace=0
prefill gemm: Lt solution=2539 dtype=f16 T=1003 N=2560 K=640 ldy=2560 beta=0 workspace=0
prefill gemm: Lt solution=2539 dtype=f16 T=250 N=1280 K=2560 ldy=1280 beta=0 workspace=0
prefill gemm: Lt solution=2539 dtype=f16 T=250 N=2560 K=640 ldy=2560 beta=0 workspace=0
prefill gemm: Lt solution=2539 dtype=f16 T=277 N=1280 K=2560 ldy=1280 beta=0 workspace=0
prefill gemm: Lt solution=2539 dtype=f16 T=277 N=2560 K=640 ldy=2560 beta=0 workspace=0
prefill gemm: Lt solution=2539 dtype=f16 T=706 N=1280 K=2560 ldy=1280 beta=0 workspace=0
prefill gemm: Lt solution=2539 dtype=f16 T=706 N=2560 K=640 ldy=2560 beta=0 workspace=0
prefill gemm: Lt solution=2539 dtype=f16 T=473 N=1280 K=2560 ldy=1280 beta=0 workspace=0
prefill gemm: Lt solution=2539 dtype=f16 T=473 N=2560 K=640 ldy=2560 beta=0 workspace=0
prefill gemm: Lt solution=2539 dtype=f16 T=620 N=1280 K=2560 ldy=1280 beta=0 workspace=0
prefill gemm: Lt solution=2539 dtype=f16 T=620 N=2560 K=640 ldy=2560 beta=0 workspace=0
prefill gemm: Lt solution=2539 dtype=f16 T=193 N=1280 K=2560 ldy=1280 beta=0 workspace=0
prefill gemm: Lt solution=2539 dtype=f16 T=193 N=2560 K=640 ldy=2560 beta=0 workspace=0
prefill gemm: Lt solution=2539 dtype=f16 T=342 N=1280 K=2560 ldy=1280 beta=0 workspace=0
prefill gemm: Lt solution=2539 dtype=f16 T=342 N=2560 K=640 ldy=2560 beta=0 workspace=0
prefill gemm: Lt solution=2539 dtype=f16 T=421 N=1280 K=2560 ldy=1280 beta=0 workspace=0
prefill gemm: Lt solution=2539 dtype=f16 T=421 N=2560 K=640 ldy=2560 beta=0 workspace=0
prefill gemm: Lt solution=2539 dtype=f16 T=267 N=1280 K=2560 ldy=1280 beta=0 workspace=0
prefill gemm: Lt solution=2539 dtype=f16 T=267 N=2560 K=640 ldy=2560 beta=0 workspace=0
prefill gemm: Lt solution=2539 dtype=f16 T=465 N=1280 K=2560 ldy=1280 beta=0 workspace=0
prefill gemm: Lt solution=2539 dtype=f16 T=465 N=2560 K=640 ldy=2560 beta=0 workspace=0
prefill gemm: Lt solution=2539 dtype=f16 T=359 N=1280 K=2560 ldy=1280 beta=0 workspace=0
prefill gemm: Lt solution=2539 dtype=f16 T=359 N=2560 K=640 ldy=2560 beta=0 workspace=0
prefill gemm: Lt solution=2539 dtype=f16 T=1218 N=1280 K=2560 ldy=1280 beta=0 workspace=0
prefill gemm: Lt solution=2539 dtype=f16 T=1218 N=2560 K=640 ldy=2560 beta=0 workspace=0
prefill gemm: Lt solution=2539 dtype=f16 T=571 N=1280 K=2560 ldy=1280 beta=0 workspace=0
prefill gemm: Lt solution=2539 dtype=f16 T=571 N=2560 K=640 ldy=2560 beta=0 workspace=0
prefill gemm: Lt solution=2539 dtype=f16 T=776 N=1280 K=2560 ldy=1280 beta=0 workspace=0
prefill gemm: Lt solution=2539 dtype=f16 T=776 N=2560 K=640 ldy=2560 beta=0 workspace=0
prefill gemm: Lt solution=2539 dtype=f16 T=333 N=1280 K=2560 ldy=1280 beta=0 workspace=0
prefill gemm: Lt solution=2539 dtype=f16 T=333 N=2560 K=640 ldy=2560 beta=0 workspace=0
prefill gemm: Lt solution=2539 dtype=f16 T=186 N=1280 K=2560 ldy=1280 beta=0 workspace=0
prefill gemm: Lt solution=2539 dtype=f16 T=186 N=2560 K=640 ldy=2560 beta=0 workspace=0
prefill gemm: Lt solution=2539 dtype=f16 T=1708 N=1280 K=2560 ldy=1280 beta=0 workspace=0
prefill gemm: Lt solution=2539 dtype=f16 T=1708 N=2560 K=640 ldy=2560 beta=0 workspace=0
prefill gemm: Lt solution=2539 dtype=f16 T=464 N=1280 K=2560 ldy=1280 beta=0 workspace=0
prefill gemm: Lt solution=2539 dtype=f16 T=464 N=2560 K=640 ldy=2560 beta=0 workspace=0
prefill gemm: Lt solution=2539 dtype=f16 T=587 N=1280 K=2560 ldy=1280 beta=0 workspace=0
prefill gemm: Lt solution=2539 dtype=f16 T=587 N=2560 K=640 ldy=2560 beta=0 workspace=0
prefill gemm: Lt solution=2539 dtype=f16 T=507 N=1280 K=2560 ldy=1280 beta=0 workspace=0
prefill gemm: Lt solution=2539 dtype=f16 T=507 N=2560 K=640 ldy=2560 beta=0 workspace=0
prefill gemm: Lt solution=2539 dtype=f16 T=358 N=1280 K=2560 ldy=1280 beta=0 workspace=0
prefill gemm: Lt solution=2539 dtype=f16 T=358 N=2560 K=640 ldy=2560 beta=0 workspace=0
prefill gemm: Lt solution=2539 dtype=f16 T=276 N=1280 K=2560 ldy=1280 beta=0 workspace=0
prefill gemm: Lt solution=2539 dtype=f16 T=276 N=2560 K=640 ldy=2560 beta=0 workspace=0
prefill gemm: Lt solution=2539 dtype=f16 T=564 N=1280 K=2560 ldy=1280 beta=0 workspace=0
prefill gemm: Lt solution=2539 dtype=f16 T=564 N=2560 K=640 ldy=2560 beta=0 workspace=0
prefill gemm: Lt solution=2539 dtype=f16 T=728 N=1280 K=2560 ldy=1280 beta=0 workspace=0
prefill gemm: Lt solution=2539 dtype=f16 T=728 N=2560 K=640 ldy=2560 beta=0 workspace=0
prefill gemm: Lt solution=2539 dtype=f16 T=730 N=1280 K=2560 ldy=1280 beta=0 workspace=0
prefill gemm: Lt solution=2539 dtype=f16 T=730 N=2560 K=640 ldy=2560 beta=0 workspace=0
prefill gemm: Lt solution=2539 dtype=f16 T=568 N=1280 K=2560 ldy=1280 beta=0 workspace=0
prefill gemm: Lt solution=2539 dtype=f16 T=568 N=2560 K=640 ldy=2560 beta=0 workspace=0
prefill gemm: Lt solution=2539 dtype=f16 T=84 N=1280 K=2560 ldy=1280 beta=0 workspace=0
prefill gemm: Lt solution=2539 dtype=f16 T=84 N=2560 K=640 ldy=2560 beta=0 workspace=0
prefill gemm: Lt solution=2539 dtype=f16 T=638 N=1280 K=2560 ldy=1280 beta=0 workspace=0
prefill gemm: Lt solution=2539 dtype=f16 T=638 N=2560 K=640 ldy=2560 beta=0 workspace=0
prefill gemm: Lt solution=2539 dtype=f16 T=629 N=1280 K=2560 ldy=1280 beta=0 workspace=0
prefill gemm: Lt solution=2539 dtype=f16 T=629 N=2560 K=640 ldy=2560 beta=0 workspace=0
prefill gemm: Lt solution=2539 dtype=f16 T=444 N=1280 K=2560 ldy=1280 beta=0 workspace=0
prefill gemm: Lt solution=2539 dtype=f16 T=444 N=2560 K=640 ldy=2560 beta=0 workspace=0
prefill gemm: Lt solution=2539 dtype=f16 T=1394 N=1280 K=2560 ldy=1280 beta=0 workspace=0
prefill gemm: Lt solution=2539 dtype=f16 T=1394 N=2560 K=640 ldy=2560 beta=0 workspace=0
prefill gemm: Lt solution=2539 dtype=f16 T=560 N=1280 K=2560 ldy=1280 beta=0 workspace=0
prefill gemm: Lt solution=2539 dtype=f16 T=560 N=2560 K=640 ldy=2560 beta=0 workspace=0
prefill gemm: Lt solution=2539 dtype=f16 T=985 N=1280 K=2560 ldy=1280 beta=0 workspace=0
prefill gemm: Lt solution=2539 dtype=f16 T=985 N=2560 K=640 ldy=2560 beta=0 workspace=0
prefill gemm: Lt solution=2539 dtype=f16 T=203 N=1280 K=2560 ldy=1280 beta=0 workspace=0
prefill gemm: Lt solution=2539 dtype=f16 T=203 N=2560 K=640 ldy=2560 beta=0 workspace=0
prefill gemm: Lt solution=2539 dtype=f16 T=208 N=1280 K=2560 ldy=1280 beta=0 workspace=0
prefill gemm: Lt solution=2539 dtype=f16 T=208 N=2560 K=640 ldy=2560 beta=0 workspace=0
prefill gemm: Lt solution=2539 dtype=f16 T=313 N=1280 K=2560 ldy=1280 beta=0 workspace=0
prefill gemm: Lt solution=2539 dtype=f16 T=313 N=2560 K=640 ldy=2560 beta=0 workspace=0
prefill gemm: Lt solution=2539 dtype=f16 T=233 N=1280 K=2560 ldy=1280 beta=0 workspace=0
prefill gemm: Lt solution=2539 dtype=f16 T=233 N=2560 K=640 ldy=2560 beta=0 workspace=0
prefill gemm: Lt solution=2539 dtype=f16 T=201 N=1280 K=2560 ldy=1280 beta=0 workspace=0
prefill gemm: Lt solution=2539 dtype=f16 T=201 N=2560 K=640 ldy=2560 beta=0 workspace=0
prefill gemm: Lt solution=2539 dtype=f16 T=245 N=1280 K=2560 ldy=1280 beta=0 workspace=0
prefill gemm: Lt solution=2539 dtype=f16 T=245 N=2560 K=640 ldy=2560 beta=0 workspace=0
prefill gemm: Lt solution=2539 dtype=f16 T=690 N=1280 K=2560 ldy=1280 beta=0 workspace=0
prefill gemm: Lt solution=2539 dtype=f16 T=690 N=2560 K=640 ldy=2560 beta=0 workspace=0
prefill gemm: Lt solution=2539 dtype=f16 T=898 N=1280 K=2560 ldy=1280 beta=0 workspace=0
prefill gemm: Lt solution=2539 dtype=f16 T=898 N=2560 K=640 ldy=2560 beta=0 workspace=0
prefill gemm: Lt solution=2539 dtype=f16 T=308 N=1280 K=2560 ldy=1280 beta=0 workspace=0
prefill gemm: Lt solution=2539 dtype=f16 T=308 N=2560 K=640 ldy=2560 beta=0 workspace=0
prefill gemm: Lt solution=2539 dtype=f16 T=360 N=1280 K=2560 ldy=1280 beta=0 workspace=0
prefill gemm: Lt solution=2539 dtype=f16 T=360 N=2560 K=640 ldy=2560 beta=0 workspace=0
prefill gemm: Lt solution=2539 dtype=f16 T=572 N=1280 K=2560 ldy=1280 beta=0 workspace=0
prefill gemm: Lt solution=2539 dtype=f16 T=572 N=2560 K=640 ldy=2560 beta=0 workspace=0
prefill gemm: Lt solution=2539 dtype=f16 T=1000 N=1280 K=2560 ldy=1280 beta=0 workspace=0
prefill gemm: Lt solution=2539 dtype=f16 T=1000 N=2560 K=640 ldy=2560 beta=0 workspace=0
prefill gemm: Lt solution=2539 dtype=f16 T=284 N=1280 K=2560 ldy=1280 beta=0 workspace=0
prefill gemm: Lt solution=2539 dtype=f16 T=284 N=2560 K=640 ldy=2560 beta=0 workspace=0
prefill gemm: Lt solution=2539 dtype=f16 T=224 N=1280 K=2560 ldy=1280 beta=0 workspace=0
prefill gemm: Lt solution=2539 dtype=f16 T=224 N=2560 K=640 ldy=2560 beta=0 workspace=0
prefill gemm: Lt solution=2539 dtype=f16 T=917 N=1280 K=2560 ldy=1280 beta=0 workspace=0
prefill gemm: Lt solution=2539 dtype=f16 T=917 N=2560 K=640 ldy=2560 beta=0 workspace=0
prefill gemm: Lt solution=2539 dtype=f16 T=1281 N=1280 K=2560 ldy=1280 beta=0 workspace=0
prefill gemm: Lt solution=2539 dtype=f16 T=1281 N=2560 K=640 ldy=2560 beta=0 workspace=0
prefill gemm: Lt solution=2539 dtype=f16 T=275 N=1280 K=2560 ldy=1280 beta=0 workspace=0
prefill gemm: Lt solution=2539 dtype=f16 T=275 N=2560 K=640 ldy=2560 beta=0 workspace=0
prefill gemm: Lt solution=2539 dtype=f16 T=165 N=1280 K=2560 ldy=1280 beta=0 workspace=0
prefill gemm: Lt solution=2539 dtype=f16 T=165 N=2560 K=640 ldy=2560 beta=0 workspace=0
prefill gemm: Lt solution=2539 dtype=f16 T=240 N=1280 K=2560 ldy=1280 beta=0 workspace=0
prefill gemm: Lt solution=2539 dtype=f16 T=240 N=2560 K=640 ldy=2560 beta=0 workspace=0
prefill gemm: Lt solution=2539 dtype=f16 T=795 N=1280 K=2560 ldy=1280 beta=0 workspace=0
prefill gemm: Lt solution=2539 dtype=f16 T=795 N=2560 K=640 ldy=2560 beta=0 workspace=0
prefill gemm: Lt solution=2539 dtype=f16 T=315 N=1280 K=2560 ldy=1280 beta=0 workspace=0
prefill gemm: Lt solution=2539 dtype=f16 T=315 N=2560 K=640 ldy=2560 beta=0 workspace=0
prefill gemm: Lt solution=2539 dtype=f16 T=345 N=1280 K=2560 ldy=1280 beta=0 workspace=0
prefill gemm: Lt solution=2539 dtype=f16 T=345 N=2560 K=640 ldy=2560 beta=0 workspace=0
prefill gemm: Lt solution=2539 dtype=f16 T=249 N=1280 K=2560 ldy=1280 beta=0 workspace=0
prefill gemm: Lt solution=2539 dtype=f16 T=249 N=2560 K=640 ldy=2560 beta=0 workspace=0
prefill gemm: Lt solution=2539 dtype=f16 T=263 N=1280 K=2560 ldy=1280 beta=0 workspace=0
prefill gemm: Lt solution=2539 dtype=f16 T=263 N=2560 K=640 ldy=2560 beta=0 workspace=0
prefill gemm: Lt solution=2539 dtype=f16 T=1082 N=1280 K=2560 ldy=1280 beta=0 workspace=0
prefill gemm: Lt solution=2539 dtype=f16 T=1082 N=2560 K=640 ldy=2560 beta=0 workspace=0
prefill gemm: Lt solution=2539 dtype=f16 T=523 N=1280 K=2560 ldy=1280 beta=0 workspace=0
prefill gemm: Lt solution=2539 dtype=f16 T=523 N=2560 K=640 ldy=2560 beta=0 workspace=0
prefill gemm: Lt solution=2539 dtype=f16 T=1361 N=1280 K=2560 ldy=1280 beta=0 workspace=0
prefill gemm: Lt solution=2539 dtype=f16 T=1361 N=2560 K=640 ldy=2560 beta=0 workspace=0
prefill gemm: Lt solution=2539 dtype=f16 T=895 N=1280 K=2560 ldy=1280 beta=0 workspace=0
prefill gemm: Lt solution=2539 dtype=f16 T=895 N=2560 K=640 ldy=2560 beta=0 workspace=0
prefill gemm: Lt solution=2539 dtype=f16 T=379 N=1280 K=2560 ldy=1280 beta=0 workspace=0
prefill gemm: Lt solution=2539 dtype=f16 T=379 N=2560 K=640 ldy=2560 beta=0 workspace=0
prefill gemm: Lt solution=2539 dtype=f16 T=731 N=1280 K=2560 ldy=1280 beta=0 workspace=0
prefill gemm: Lt solution=2539 dtype=f16 T=731 N=2560 K=640 ldy=2560 beta=0 workspace=0
prefill gemm: Lt solution=2539 dtype=f16 T=445 N=1280 K=2560 ldy=1280 beta=0 workspace=0
prefill gemm: Lt solution=2539 dtype=f16 T=445 N=2560 K=640 ldy=2560 beta=0 workspace=0
prefill gemm: Lt solution=2539 dtype=f16 T=168 N=1280 K=2560 ldy=1280 beta=0 workspace=0
prefill gemm: Lt solution=2539 dtype=f16 T=168 N=2560 K=640 ldy=2560 beta=0 workspace=0
prefill gemm: Lt solution=2539 dtype=f16 T=964 N=1280 K=2560 ldy=1280 beta=0 workspace=0
prefill gemm: Lt solution=2539 dtype=f16 T=964 N=2560 K=640 ldy=2560 beta=0 workspace=0
prefill gemm: Lt solution=2538 dtype=f16 T=133 N=1280 K=2560 ldy=1280 beta=0 workspace=0
prefill gemm: Lt solution=2539 dtype=f16 T=133 N=2560 K=640 ldy=2560 beta=0 workspace=0
prefill gemm: Lt solution=2539 dtype=f16 T=324 N=1280 K=2560 ldy=1280 beta=0 workspace=0
prefill gemm: Lt solution=2539 dtype=f16 T=324 N=2560 K=640 ldy=2560 beta=0 workspace=0
prefill gemm: Lt solution=2539 dtype=f16 T=417 N=1280 K=2560 ldy=1280 beta=0 workspace=0
prefill gemm: Lt solution=2539 dtype=f16 T=417 N=2560 K=640 ldy=2560 beta=0 workspace=0
prefill gemm: Lt solution=2539 dtype=f16 T=399 N=1280 K=2560 ldy=1280 beta=0 workspace=0
prefill gemm: Lt solution=2539 dtype=f16 T=399 N=2560 K=640 ldy=2560 beta=0 workspace=0
prefill gemm: Lt solution=2539 dtype=f16 T=211 N=1280 K=2560 ldy=1280 beta=0 workspace=0
prefill gemm: Lt solution=2539 dtype=f16 T=211 N=2560 K=640 ldy=2560 beta=0 workspace=0
prefill gemm: Lt solution=2539 dtype=f16 T=845 N=1280 K=2560 ldy=1280 beta=0 workspace=0
prefill gemm: Lt solution=2539 dtype=f16 T=845 N=2560 K=640 ldy=2560 beta=0 workspace=0
prefill gemm: Lt solution=2539 dtype=f16 T=532 N=1280 K=2560 ldy=1280 beta=0 workspace=0
prefill gemm: Lt solution=2539 dtype=f16 T=532 N=2560 K=640 ldy=2560 beta=0 workspace=0
prefill gemm: Lt solution=2539 dtype=f16 T=1032 N=1280 K=2560 ldy=1280 beta=0 workspace=0
prefill gemm: Lt solution=2539 dtype=f16 T=1032 N=2560 K=640 ldy=2560 beta=0 workspace=0
prefill gemm: Lt solution=2539 dtype=f16 T=229 N=1280 K=2560 ldy=1280 beta=0 workspace=0
prefill gemm: Lt solution=2539 dtype=f16 T=229 N=2560 K=640 ldy=2560 beta=0 workspace=0
prefill gemm: Lt solution=2539 dtype=f16 T=802 N=1280 K=2560 ldy=1280 beta=0 workspace=0
prefill gemm: Lt solution=2539 dtype=f16 T=802 N=2560 K=640 ldy=2560 beta=0 workspace=0
prefill gemm: Lt solution=2539 dtype=f16 T=347 N=1280 K=2560 ldy=1280 beta=0 workspace=0
prefill gemm: Lt solution=2539 dtype=f16 T=347 N=2560 K=640 ldy=2560 beta=0 workspace=0
prefill gemm: Lt solution=2539 dtype=f16 T=711 N=1280 K=2560 ldy=1280 beta=0 workspace=0
prefill gemm: Lt solution=2539 dtype=f16 T=711 N=2560 K=640 ldy=2560 beta=0 workspace=0
prefill gemm: Lt solution=2539 dtype=f16 T=374 N=1280 K=2560 ldy=1280 beta=0 workspace=0
prefill gemm: Lt solution=2539 dtype=f16 T=374 N=2560 K=640 ldy=2560 beta=0 workspace=0
prefill gemm: Lt solution=2539 dtype=f16 T=637 N=1280 K=2560 ldy=1280 beta=0 workspace=0
prefill gemm: Lt solution=2539 dtype=f16 T=637 N=2560 K=640 ldy=2560 beta=0 workspace=0
prefill gemm: Lt solution=2539 dtype=f16 T=600 N=1280 K=2560 ldy=1280 beta=0 workspace=0
prefill gemm: Lt solution=2539 dtype=f16 T=600 N=2560 K=640 ldy=2560 beta=0 workspace=0
prefill gemm: Lt solution=2539 dtype=f16 T=840 N=1280 K=2560 ldy=1280 beta=0 workspace=0
prefill gemm: Lt solution=2539 dtype=f16 T=840 N=2560 K=640 ldy=2560 beta=0 workspace=0
prefill gemm: Lt solution=2539 dtype=f16 T=99 N=1280 K=2560 ldy=1280 beta=0 workspace=0
prefill gemm: Lt solution=2539 dtype=f16 T=99 N=2560 K=640 ldy=2560 beta=0 workspace=0
prefill gemm: Lt solution=2539 dtype=f16 T=290 N=1280 K=2560 ldy=1280 beta=0 workspace=0
prefill gemm: Lt solution=2539 dtype=f16 T=290 N=2560 K=640 ldy=2560 beta=0 workspace=0
prefill gemm: Lt solution=2539 dtype=f16 T=502 N=1280 K=2560 ldy=1280 beta=0 workspace=0
prefill gemm: Lt solution=2539 dtype=f16 T=502 N=2560 K=640 ldy=2560 beta=0 workspace=0
prefill gemm: Lt solution=2539 dtype=f16 T=408 N=1280 K=2560 ldy=1280 beta=0 workspace=0
prefill gemm: Lt solution=2539 dtype=f16 T=408 N=2560 K=640 ldy=2560 beta=0 workspace=0
prefill gemm: Lt solution=2539 dtype=f16 T=759 N=1280 K=2560 ldy=1280 beta=0 workspace=0
prefill gemm: Lt solution=2539 dtype=f16 T=759 N=2560 K=640 ldy=2560 beta=0 workspace=0
prefill gemm: Lt solution=2539 dtype=f16 T=566 N=1280 K=2560 ldy=1280 beta=0 workspace=0
prefill gemm: Lt solution=2539 dtype=f16 T=566 N=2560 K=640 ldy=2560 beta=0 workspace=0
prefill gemm: Lt solution=2539 dtype=f16 T=522 N=1280 K=2560 ldy=1280 beta=0 workspace=0
prefill gemm: Lt solution=2539 dtype=f16 T=522 N=2560 K=640 ldy=2560 beta=0 workspace=0
prefill gemm: Lt solution=2539 dtype=f16 T=708 N=1280 K=2560 ldy=1280 beta=0 workspace=0
prefill gemm: Lt solution=2539 dtype=f16 T=708 N=2560 K=640 ldy=2560 beta=0 workspace=0
prefill gemm: Lt solution=2539 dtype=f16 T=696 N=1280 K=2560 ldy=1280 beta=0 workspace=0
prefill gemm: Lt solution=2539 dtype=f16 T=696 N=2560 K=640 ldy=2560 beta=0 workspace=0
prefill gemm: Lt solution=2539 dtype=f16 T=294 N=1280 K=2560 ldy=1280 beta=0 workspace=0
prefill gemm: Lt solution=2539 dtype=f16 T=294 N=2560 K=640 ldy=2560 beta=0 workspace=0
prefill gemm: Lt solution=2539 dtype=f16 T=216 N=1280 K=2560 ldy=1280 beta=0 workspace=0
prefill gemm: Lt solution=2539 dtype=f16 T=216 N=2560 K=640 ldy=2560 beta=0 workspace=0
prefill gemm: Lt solution=2539 dtype=f16 T=456 N=1280 K=2560 ldy=1280 beta=0 workspace=0
prefill gemm: Lt solution=2539 dtype=f16 T=456 N=2560 K=640 ldy=2560 beta=0 workspace=0
prefill gemm: Lt solution=2539 dtype=f16 T=375 N=1280 K=2560 ldy=1280 beta=0 workspace=0
prefill gemm: Lt solution=2539 dtype=f16 T=375 N=2560 K=640 ldy=2560 beta=0 workspace=0
prefill gemm: Lt solution=2539 dtype=f16 T=899 N=1280 K=2560 ldy=1280 beta=0 workspace=0
prefill gemm: Lt solution=2539 dtype=f16 T=899 N=2560 K=640 ldy=2560 beta=0 workspace=0
prefill gemm: Lt solution=2539 dtype=f16 T=1315 N=1280 K=2560 ldy=1280 beta=0 workspace=0
prefill gemm: Lt solution=2539 dtype=f16 T=1315 N=2560 K=640 ldy=2560 beta=0 workspace=0
prefill gemm: Lt solution=2539 dtype=f16 T=482 N=1280 K=2560 ldy=1280 beta=0 workspace=0
prefill gemm: Lt solution=2539 dtype=f16 T=482 N=2560 K=640 ldy=2560 beta=0 workspace=0
prefill gemm: Lt solution=2538 dtype=f16 T=143 N=1280 K=2560 ldy=1280 beta=0 workspace=0
prefill gemm: Lt solution=2539 dtype=f16 T=143 N=2560 K=640 ldy=2560 beta=0 workspace=0
prefill gemm: Lt solution=2539 dtype=f16 T=398 N=1280 K=2560 ldy=1280 beta=0 workspace=0
prefill gemm: Lt solution=2539 dtype=f16 T=398 N=2560 K=640 ldy=2560 beta=0 workspace=0
prefill gemm: Lt solution=2539 dtype=f16 T=237 N=1280 K=2560 ldy=1280 beta=0 workspace=0
prefill gemm: Lt solution=2539 dtype=f16 T=237 N=2560 K=640 ldy=2560 beta=0 workspace=0
prefill gemm: Lt solution=2539 dtype=f16 T=402 N=1280 K=2560 ldy=1280 beta=0 workspace=0
prefill gemm: Lt solution=2539 dtype=f16 T=402 N=2560 K=640 ldy=2560 beta=0 workspace=0
prefill gemm: Lt solution=2538 dtype=f16 T=136 N=1280 K=2560 ldy=1280 beta=0 workspace=0
prefill gemm: Lt solution=2539 dtype=f16 T=136 N=2560 K=640 ldy=2560 beta=0 workspace=0
prefill gemm: Lt solution=2539 dtype=f16 T=799 N=1280 K=2560 ldy=1280 beta=0 workspace=0
prefill gemm: Lt solution=2539 dtype=f16 T=799 N=2560 K=640 ldy=2560 beta=0 workspace=0
prefill gemm: Lt solution=2539 dtype=f16 T=872 N=1280 K=2560 ldy=1280 beta=0 workspace=0
prefill gemm: Lt solution=2539 dtype=f16 T=872 N=2560 K=640 ldy=2560 beta=0 workspace=0
prefill gemm: Lt solution=2539 dtype=f16 T=441 N=1280 K=2560 ldy=1280 beta=0 workspace=0
prefill gemm: Lt solution=2539 dtype=f16 T=441 N=2560 K=640 ldy=2560 beta=0 workspace=0
prefill gemm: Lt solution=2539 dtype=f16 T=623 N=1280 K=2560 ldy=1280 beta=0 workspace=0
prefill gemm: Lt solution=2539 dtype=f16 T=623 N=2560 K=640 ldy=2560 beta=0 workspace=0
prefill gemm: Lt solution=2539 dtype=f16 T=401 N=1280 K=2560 ldy=1280 beta=0 workspace=0
prefill gemm: Lt solution=2539 dtype=f16 T=401 N=2560 K=640 ldy=2560 beta=0 workspace=0
prefill gemm: Lt solution=2539 dtype=f16 T=220 N=1280 K=2560 ldy=1280 beta=0 workspace=0
prefill gemm: Lt solution=2539 dtype=f16 T=220 N=2560 K=640 ldy=2560 beta=0 workspace=0
prefill gemm: Lt solution=2539 dtype=f16 T=521 N=1280 K=2560 ldy=1280 beta=0 workspace=0
prefill gemm: Lt solution=2539 dtype=f16 T=521 N=2560 K=640 ldy=2560 beta=0 workspace=0
prefill gemm: Lt solution=2539 dtype=f16 T=259 N=1280 K=2560 ldy=1280 beta=0 workspace=0
prefill gemm: Lt solution=2539 dtype=f16 T=259 N=2560 K=640 ldy=2560 beta=0 workspace=0
prefill gemm: Lt solution=2539 dtype=f16 T=414 N=1280 K=2560 ldy=1280 beta=0 workspace=0
prefill gemm: Lt solution=2539 dtype=f16 T=414 N=2560 K=640 ldy=2560 beta=0 workspace=0
prefill gemm: Lt solution=2539 dtype=f16 T=466 N=1280 K=2560 ldy=1280 beta=0 workspace=0
prefill gemm: Lt solution=2539 dtype=f16 T=466 N=2560 K=640 ldy=2560 beta=0 workspace=0
prefill gemm: Lt solution=2539 dtype=f16 T=460 N=1280 K=2560 ldy=1280 beta=0 workspace=0
prefill gemm: Lt solution=2539 dtype=f16 T=460 N=2560 K=640 ldy=2560 beta=0 workspace=0
prefill gemm: Lt solution=2539 dtype=f16 T=189 N=1280 K=2560 ldy=1280 beta=0 workspace=0
prefill gemm: Lt solution=2539 dtype=f16 T=189 N=2560 K=640 ldy=2560 beta=0 workspace=0
prefill gemm: Lt solution=2539 dtype=f16 T=538 N=1280 K=2560 ldy=1280 beta=0 workspace=0
prefill gemm: Lt solution=2539 dtype=f16 T=538 N=2560 K=640 ldy=2560 beta=0 workspace=0
prefill gemm: Lt solution=2539 dtype=f16 T=500 N=1280 K=2560 ldy=1280 beta=0 workspace=0
prefill gemm: Lt solution=2539 dtype=f16 T=500 N=2560 K=640 ldy=2560 beta=0 workspace=0
prefill gemm: Lt solution=2539 dtype=f16 T=516 N=1280 K=2560 ldy=1280 beta=0 workspace=0
prefill gemm: Lt solution=2539 dtype=f16 T=516 N=2560 K=640 ldy=2560 beta=0 workspace=0
prefill gemm: Lt solution=2539 dtype=f16 T=364 N=1280 K=2560 ldy=1280 beta=0 workspace=0
prefill gemm: Lt solution=2539 dtype=f16 T=364 N=2560 K=640 ldy=2560 beta=0 workspace=0
prefill gemm: Lt solution=2539 dtype=f16 T=727 N=1280 K=2560 ldy=1280 beta=0 workspace=0
prefill gemm: Lt solution=2539 dtype=f16 T=727 N=2560 K=640 ldy=2560 beta=0 workspace=0
prefill gemm: Lt solution=2539 dtype=f16 T=485 N=1280 K=2560 ldy=1280 beta=0 workspace=0
prefill gemm: Lt solution=2539 dtype=f16 T=485 N=2560 K=640 ldy=2560 beta=0 workspace=0
prefill gemm: Lt solution=2539 dtype=f16 T=518 N=1280 K=2560 ldy=1280 beta=0 workspace=0
prefill gemm: Lt solution=2539 dtype=f16 T=518 N=2560 K=640 ldy=2560 beta=0 workspace=0
prefill gemm: Lt solution=2539 dtype=f16 T=406 N=1280 K=2560 ldy=1280 beta=0 workspace=0
prefill gemm: Lt solution=2539 dtype=f16 T=406 N=2560 K=640 ldy=2560 beta=0 workspace=0
prefill gemm: Lt solution=2539 dtype=f16 T=425 N=1280 K=2560 ldy=1280 beta=0 workspace=0
prefill gemm: Lt solution=2539 dtype=f16 T=425 N=2560 K=640 ldy=2560 beta=0 workspace=0
prefill gemm: Lt solution=2539 dtype=f16 T=302 N=1280 K=2560 ldy=1280 beta=0 workspace=0
prefill gemm: Lt solution=2539 dtype=f16 T=302 N=2560 K=640 ldy=2560 beta=0 workspace=0
prefill gemm: Lt solution=2539 dtype=f16 T=1039 N=1280 K=2560 ldy=1280 beta=0 workspace=0
prefill gemm: Lt solution=2539 dtype=f16 T=1039 N=2560 K=640 ldy=2560 beta=0 workspace=0
prefill gemm: Lt solution=2539 dtype=f16 T=382 N=1280 K=2560 ldy=1280 beta=0 workspace=0
prefill gemm: Lt solution=2539 dtype=f16 T=382 N=2560 K=640 ldy=2560 beta=0 workspace=0
prefill gemm: Lt solution=2539 dtype=f16 T=1436 N=1280 K=2560 ldy=1280 beta=0 workspace=0
prefill gemm: Lt solution=2539 dtype=f16 T=1436 N=2560 K=640 ldy=2560 beta=0 workspace=0
prefill gemm: Lt solution=2539 dtype=f16 T=843 N=1280 K=2560 ldy=1280 beta=0 workspace=0
prefill gemm: Lt solution=2539 dtype=f16 T=843 N=2560 K=640 ldy=2560 beta=0 workspace=0
prefill gemm: Lt solution=2539 dtype=f16 T=642 N=1280 K=2560 ldy=1280 beta=0 workspace=0
prefill gemm: Lt solution=2539 dtype=f16 T=642 N=2560 K=640 ldy=2560 beta=0 workspace=0
prefill gemm: Lt solution=2539 dtype=f16 T=654 N=1280 K=2560 ldy=1280 beta=0 workspace=0
prefill gemm: Lt solution=2539 dtype=f16 T=654 N=2560 K=640 ldy=2560 beta=0 workspace=0
prefill gemm: Lt solution=2539 dtype=f16 T=280 N=1280 K=2560 ldy=1280 beta=0 workspace=0
prefill gemm: Lt solution=2539 dtype=f16 T=280 N=2560 K=640 ldy=2560 beta=0 workspace=0
prefill gemm: Lt solution=2539 dtype=f16 T=1191 N=1280 K=2560 ldy=1280 beta=0 workspace=0
prefill gemm: Lt solution=2539 dtype=f16 T=1191 N=2560 K=640 ldy=2560 beta=0 workspace=0
prefill gemm: Lt solution=2539 dtype=f16 T=214 N=1280 K=2560 ldy=1280 beta=0 workspace=0
prefill gemm: Lt solution=2539 dtype=f16 T=214 N=2560 K=640 ldy=2560 beta=0 workspace=0
prefill gemm: Lt solution=2539 dtype=f16 T=683 N=1280 K=2560 ldy=1280 beta=0 workspace=0
prefill gemm: Lt solution=2539 dtype=f16 T=683 N=2560 K=640 ldy=2560 beta=0 workspace=0
prefill gemm: Lt solution=2539 dtype=f16 T=255 N=1280 K=2560 ldy=1280 beta=0 workspace=0
prefill gemm: Lt solution=2539 dtype=f16 T=255 N=2560 K=640 ldy=2560 beta=0 workspace=0
prefill gemm: Lt solution=2539 dtype=f16 T=236 N=1280 K=2560 ldy=1280 beta=0 workspace=0
prefill gemm: Lt solution=2539 dtype=f16 T=236 N=2560 K=640 ldy=2560 beta=0 workspace=0
prefill gemm: Lt solution=2539 dtype=f16 T=515 N=1280 K=2560 ldy=1280 beta=0 workspace=0
prefill gemm: Lt solution=2539 dtype=f16 T=515 N=2560 K=640 ldy=2560 beta=0 workspace=0
prefill gemm: Lt solution=2539 dtype=f16 T=573 N=1280 K=2560 ldy=1280 beta=0 workspace=0
prefill gemm: Lt solution=2539 dtype=f16 T=573 N=2560 K=640 ldy=2560 beta=0 workspace=0
prefill gemm: Lt solution=2539 dtype=f16 T=248 N=1280 K=2560 ldy=1280 beta=0 workspace=0
prefill gemm: Lt solution=2539 dtype=f16 T=248 N=2560 K=640 ldy=2560 beta=0 workspace=0
prefill gemm: Lt solution=2539 dtype=f16 T=448 N=1280 K=2560 ldy=1280 beta=0 workspace=0
prefill gemm: Lt solution=2539 dtype=f16 T=448 N=2560 K=640 ldy=2560 beta=0 workspace=0
prefill gemm: Lt solution=2539 dtype=f16 T=657 N=1280 K=2560 ldy=1280 beta=0 workspace=0
prefill gemm: Lt solution=2539 dtype=f16 T=657 N=2560 K=640 ldy=2560 beta=0 workspace=0
prefill gemm: Lt solution=2539 dtype=f16 T=436 N=1280 K=2560 ldy=1280 beta=0 workspace=0
prefill gemm: Lt solution=2539 dtype=f16 T=436 N=2560 K=640 ldy=2560 beta=0 workspace=0
prefill gemm: Lt solution=2539 dtype=f16 T=422 N=1280 K=2560 ldy=1280 beta=0 workspace=0
prefill gemm: Lt solution=2539 dtype=f16 T=422 N=2560 K=640 ldy=2560 beta=0 workspace=0
prefill gemm: Lt solution=2539 dtype=f16 T=498 N=1280 K=2560 ldy=1280 beta=0 workspace=0
prefill gemm: Lt solution=2539 dtype=f16 T=498 N=2560 K=640 ldy=2560 beta=0 workspace=0
prefill gemm: Lt solution=2539 dtype=f16 T=548 N=1280 K=2560 ldy=1280 beta=0 workspace=0
prefill gemm: Lt solution=2539 dtype=f16 T=548 N=2560 K=640 ldy=2560 beta=0 workspace=0
prefill gemm: Lt solution=2539 dtype=f16 T=323 N=1280 K=2560 ldy=1280 beta=0 workspace=0
prefill gemm: Lt solution=2539 dtype=f16 T=323 N=2560 K=640 ldy=2560 beta=0 workspace=0
prefill gemm: Lt solution=2539 dtype=f16 T=525 N=1280 K=2560 ldy=1280 beta=0 workspace=0
prefill gemm: Lt solution=2539 dtype=f16 T=525 N=2560 K=640 ldy=2560 beta=0 workspace=0
prefill gemm: Lt solution=2539 dtype=f16 T=693 N=1280 K=2560 ldy=1280 beta=0 workspace=0
prefill gemm: Lt solution=2539 dtype=f16 T=693 N=2560 K=640 ldy=2560 beta=0 workspace=0
prefill gemm: Lt solution=2539 dtype=f16 T=592 N=1280 K=2560 ldy=1280 beta=0 workspace=0
prefill gemm: Lt solution=2539 dtype=f16 T=592 N=2560 K=640 ldy=2560 beta=0 workspace=0
prefill gemm: Lt solution=2539 dtype=f16 T=282 N=1280 K=2560 ldy=1280 beta=0 workspace=0
prefill gemm: Lt solution=2539 dtype=f16 T=282 N=2560 K=640 ldy=2560 beta=0 workspace=0
prefill gemm: Lt solution=2539 dtype=f16 T=455 N=1280 K=2560 ldy=1280 beta=0 workspace=0
prefill gemm: Lt solution=2539 dtype=f16 T=455 N=2560 K=640 ldy=2560 beta=0 workspace=0
prefill gemm: Lt solution=2539 dtype=f16 T=624 N=1280 K=2560 ldy=1280 beta=0 workspace=0
prefill gemm: Lt solution=2539 dtype=f16 T=624 N=2560 K=640 ldy=2560 beta=0 workspace=0
prefill gemm: Lt solution=2539 dtype=f16 T=666 N=1280 K=2560 ldy=1280 beta=0 workspace=0
prefill gemm: Lt solution=2539 dtype=f16 T=666 N=2560 K=640 ldy=2560 beta=0 workspace=0
prefill gemm: Lt solution=2539 dtype=f16 T=463 N=1280 K=2560 ldy=1280 beta=0 workspace=0
prefill gemm: Lt solution=2539 dtype=f16 T=463 N=2560 K=640 ldy=2560 beta=0 workspace=0
prefill gemm: Lt solution=2539 dtype=f16 T=643 N=1280 K=2560 ldy=1280 beta=0 workspace=0
prefill gemm: Lt solution=2539 dtype=f16 T=643 N=2560 K=640 ldy=2560 beta=0 workspace=0
prefill gemm: Lt solution=2539 dtype=f16 T=392 N=1280 K=2560 ldy=1280 beta=0 workspace=0
prefill gemm: Lt solution=2539 dtype=f16 T=392 N=2560 K=640 ldy=2560 beta=0 workspace=0
prefill gemm: Lt solution=2539 dtype=f16 T=517 N=1280 K=2560 ldy=1280 beta=0 workspace=0
prefill gemm: Lt solution=2539 dtype=f16 T=517 N=2560 K=640 ldy=2560 beta=0 workspace=0
prefill gemm: Lt solution=2539 dtype=f16 T=503 N=1280 K=2560 ldy=1280 beta=0 workspace=0
prefill gemm: Lt solution=2539 dtype=f16 T=503 N=2560 K=640 ldy=2560 beta=0 workspace=0
prefill gemm: Lt solution=2539 dtype=f16 T=1506 N=1280 K=2560 ldy=1280 beta=0 workspace=0
prefill gemm: Lt solution=2539 dtype=f16 T=1506 N=2560 K=640 ldy=2560 beta=0 workspace=0
prefill gemm: Lt solution=2539 dtype=f16 T=430 N=1280 K=2560 ldy=1280 beta=0 workspace=0
prefill gemm: Lt solution=2539 dtype=f16 T=430 N=2560 K=640 ldy=2560 beta=0 workspace=0
prefill gemm: Lt solution=2539 dtype=f16 T=579 N=1280 K=2560 ldy=1280 beta=0 workspace=0
prefill gemm: Lt solution=2539 dtype=f16 T=579 N=2560 K=640 ldy=2560 beta=0 workspace=0
prefill gemm: Lt solution=2539 dtype=f16 T=676 N=1280 K=2560 ldy=1280 beta=0 workspace=0
prefill gemm: Lt solution=2539 dtype=f16 T=676 N=2560 K=640 ldy=2560 beta=0 workspace=0
prefill gemm: Lt solution=2539 dtype=f16 T=293 N=1280 K=2560 ldy=1280 beta=0 workspace=0
prefill gemm: Lt solution=2539 dtype=f16 T=293 N=2560 K=640 ldy=2560 beta=0 workspace=0
prefill gemm: Lt solution=2539 dtype=f16 T=370 N=1280 K=2560 ldy=1280 beta=0 workspace=0
prefill gemm: Lt solution=2539 dtype=f16 T=370 N=2560 K=640 ldy=2560 beta=0 workspace=0
prefill gemm: Lt solution=2539 dtype=f16 T=247 N=1280 K=2560 ldy=1280 beta=0 workspace=0
prefill gemm: Lt solution=2539 dtype=f16 T=247 N=2560 K=640 ldy=2560 beta=0 workspace=0
prefill gemm: Lt solution=2539 dtype=f16 T=559 N=1280 K=2560 ldy=1280 beta=0 workspace=0
prefill gemm: Lt solution=2539 dtype=f16 T=559 N=2560 K=640 ldy=2560 beta=0 workspace=0
prefill gemm: Lt solution=2539 dtype=f16 T=299 N=1280 K=2560 ldy=1280 beta=0 workspace=0
prefill gemm: Lt solution=2539 dtype=f16 T=299 N=2560 K=640 ldy=2560 beta=0 workspace=0
prefill gemm: Lt solution=2539 dtype=f16 T=577 N=1280 K=2560 ldy=1280 beta=0 workspace=0
prefill gemm: Lt solution=2539 dtype=f16 T=577 N=2560 K=640 ldy=2560 beta=0 workspace=0
prefill gemm: Lt solution=2539 dtype=f16 T=330 N=1280 K=2560 ldy=1280 beta=0 workspace=0
prefill gemm: Lt solution=2539 dtype=f16 T=330 N=2560 K=640 ldy=2560 beta=0 workspace=0
prefill gemm: Lt solution=2539 dtype=f16 T=635 N=1280 K=2560 ldy=1280 beta=0 workspace=0
prefill gemm: Lt solution=2539 dtype=f16 T=635 N=2560 K=640 ldy=2560 beta=0 workspace=0
prefill gemm: Lt solution=2539 dtype=f16 T=639 N=1280 K=2560 ldy=1280 beta=0 workspace=0
prefill gemm: Lt solution=2539 dtype=f16 T=639 N=2560 K=640 ldy=2560 beta=0 workspace=0
prefill gemm: Lt solution=2539 dtype=f16 T=488 N=1280 K=2560 ldy=1280 beta=0 workspace=0
prefill gemm: Lt solution=2539 dtype=f16 T=488 N=2560 K=640 ldy=2560 beta=0 workspace=0
prefill gemm: Lt solution=2539 dtype=f16 T=715 N=1280 K=2560 ldy=1280 beta=0 workspace=0
prefill gemm: Lt solution=2539 dtype=f16 T=715 N=2560 K=640 ldy=2560 beta=0 workspace=0
prefill gemm: Lt solution=2539 dtype=f16 T=241 N=1280 K=2560 ldy=1280 beta=0 workspace=0
prefill gemm: Lt solution=2539 dtype=f16 T=241 N=2560 K=640 ldy=2560 beta=0 workspace=0
prefill gemm: Lt solution=2539 dtype=f16 T=563 N=1280 K=2560 ldy=1280 beta=0 workspace=0
prefill gemm: Lt solution=2539 dtype=f16 T=563 N=2560 K=640 ldy=2560 beta=0 workspace=0
prefill gemm: Lt solution=2539 dtype=f16 T=575 N=1280 K=2560 ldy=1280 beta=0 workspace=0
prefill gemm: Lt solution=2539 dtype=f16 T=575 N=2560 K=640 ldy=2560 beta=0 workspace=0
prefill gemm: Lt solution=2539 dtype=f16 T=545 N=1280 K=2560 ldy=1280 beta=0 workspace=0
prefill gemm: Lt solution=2539 dtype=f16 T=545 N=2560 K=640 ldy=2560 beta=0 workspace=0
prefill gemm: Lt solution=2539 dtype=f16 T=204 N=1280 K=2560 ldy=1280 beta=0 workspace=0
prefill gemm: Lt solution=2539 dtype=f16 T=204 N=2560 K=640 ldy=2560 beta=0 workspace=0
prefill gemm: Lt solution=2539 dtype=f16 T=689 N=1280 K=2560 ldy=1280 beta=0 workspace=0
prefill gemm: Lt solution=2539 dtype=f16 T=689 N=2560 K=640 ldy=2560 beta=0 workspace=0
prefill gemm: Lt solution=2539 dtype=f16 T=376 N=1280 K=2560 ldy=1280 beta=0 workspace=0
prefill gemm: Lt solution=2539 dtype=f16 T=376 N=2560 K=640 ldy=2560 beta=0 workspace=0
prefill gemm: Lt solution=2539 dtype=f16 T=862 N=1280 K=2560 ldy=1280 beta=0 workspace=0
prefill gemm: Lt solution=2539 dtype=f16 T=862 N=2560 K=640 ldy=2560 beta=0 workspace=0
prefill gemm: Lt solution=2539 dtype=f16 T=761 N=1280 K=2560 ldy=1280 beta=0 workspace=0
prefill gemm: Lt solution=2539 dtype=f16 T=761 N=2560 K=640 ldy=2560 beta=0 workspace=0
prefill gemm: Lt solution=2539 dtype=f16 T=419 N=1280 K=2560 ldy=1280 beta=0 workspace=0
prefill gemm: Lt solution=2539 dtype=f16 T=419 N=2560 K=640 ldy=2560 beta=0 workspace=0
prefill gemm: Lt solution=2539 dtype=f16 T=977 N=1280 K=2560 ldy=1280 beta=0 workspace=0
prefill gemm: Lt solution=2539 dtype=f16 T=977 N=2560 K=640 ldy=2560 beta=0 workspace=0
prefill gemm: Lt solution=2539 dtype=f16 T=446 N=1280 K=2560 ldy=1280 beta=0 workspace=0
prefill gemm: Lt solution=2539 dtype=f16 T=446 N=2560 K=640 ldy=2560 beta=0 workspace=0
prefill gemm: Lt solution=2539 dtype=f16 T=668 N=1280 K=2560 ldy=1280 beta=0 workspace=0
prefill gemm: Lt solution=2539 dtype=f16 T=668 N=2560 K=640 ldy=2560 beta=0 workspace=0
prefill gemm: Lt solution=2539 dtype=f16 T=1606 N=1280 K=2560 ldy=1280 beta=0 workspace=0
prefill gemm: Lt solution=2539 dtype=f16 T=1606 N=2560 K=640 ldy=2560 beta=0 workspace=0
prefill gemm: Lt solution=2539 dtype=f16 T=288 N=1280 K=2560 ldy=1280 beta=0 workspace=0
prefill gemm: Lt solution=2539 dtype=f16 T=288 N=2560 K=640 ldy=2560 beta=0 workspace=0
prefill gemm: Lt solution=2539 dtype=f16 T=327 N=1280 K=2560 ldy=1280 beta=0 workspace=0
prefill gemm: Lt solution=2539 dtype=f16 T=327 N=2560 K=640 ldy=2560 beta=0 workspace=0
prefill gemm: Lt solution=2539 dtype=f16 T=234 N=1280 K=2560 ldy=1280 beta=0 workspace=0
prefill gemm: Lt solution=2539 dtype=f16 T=234 N=2560 K=640 ldy=2560 beta=0 workspace=0
prefill gemm: Lt solution=2539 dtype=f16 T=585 N=1280 K=2560 ldy=1280 beta=0 workspace=0
prefill gemm: Lt solution=2539 dtype=f16 T=585 N=2560 K=640 ldy=2560 beta=0 workspace=0
prefill gemm: Lt solution=2539 dtype=f16 T=396 N=1280 K=2560 ldy=1280 beta=0 workspace=0
prefill gemm: Lt solution=2539 dtype=f16 T=396 N=2560 K=640 ldy=2560 beta=0 workspace=0
prefill gemm: Lt solution=2539 dtype=f16 T=472 N=1280 K=2560 ldy=1280 beta=0 workspace=0
prefill gemm: Lt solution=2539 dtype=f16 T=472 N=2560 K=640 ldy=2560 beta=0 workspace=0
prefill gemm: Lt solution=2539 dtype=f16 T=239 N=1280 K=2560 ldy=1280 beta=0 workspace=0
prefill gemm: Lt solution=2539 dtype=f16 T=239 N=2560 K=640 ldy=2560 beta=0 workspace=0
prefill gemm: Lt solution=2539 dtype=f16 T=373 N=1280 K=2560 ldy=1280 beta=0 workspace=0
prefill gemm: Lt solution=2539 dtype=f16 T=373 N=2560 K=640 ldy=2560 beta=0 workspace=0
prefill gemm: Lt solution=2539 dtype=f16 T=251 N=1280 K=2560 ldy=1280 beta=0 workspace=0
prefill gemm: Lt solution=2539 dtype=f16 T=251 N=2560 K=640 ldy=2560 beta=0 workspace=0
prefill gemm: Lt solution=2539 dtype=f16 T=663 N=1280 K=2560 ldy=1280 beta=0 workspace=0
prefill gemm: Lt solution=2539 dtype=f16 T=663 N=2560 K=640 ldy=2560 beta=0 workspace=0
prefill gemm: Lt solution=2539 dtype=f16 T=569 N=1280 K=2560 ldy=1280 beta=0 workspace=0
prefill gemm: Lt solution=2539 dtype=f16 T=569 N=2560 K=640 ldy=2560 beta=0 workspace=0
prefill gemm: Lt solution=2539 dtype=f16 T=543 N=1280 K=2560 ldy=1280 beta=0 workspace=0
prefill gemm: Lt solution=2539 dtype=f16 T=543 N=2560 K=640 ldy=2560 beta=0 workspace=0
prefill gemm: Lt solution=2539 dtype=f16 T=881 N=1280 K=2560 ldy=1280 beta=0 workspace=0
prefill gemm: Lt solution=2539 dtype=f16 T=881 N=2560 K=640 ldy=2560 beta=0 workspace=0
prefill gemm: Lt solution=2539 dtype=f16 T=535 N=1280 K=2560 ldy=1280 beta=0 workspace=0
prefill gemm: Lt solution=2539 dtype=f16 T=535 N=2560 K=640 ldy=2560 beta=0 workspace=0
prefill gemm: Lt solution=2539 dtype=f16 T=742 N=1280 K=2560 ldy=1280 beta=0 workspace=0
prefill gemm: Lt solution=2539 dtype=f16 T=742 N=2560 K=640 ldy=2560 beta=0 workspace=0
prefill gemm: Lt solution=2539 dtype=f16 T=331 N=1280 K=2560 ldy=1280 beta=0 workspace=0
prefill gemm: Lt solution=2539 dtype=f16 T=331 N=2560 K=640 ldy=2560 beta=0 workspace=0
prefill gemm: Lt solution=2539 dtype=f16 T=452 N=1280 K=2560 ldy=1280 beta=0 workspace=0
prefill gemm: Lt solution=2539 dtype=f16 T=452 N=2560 K=640 ldy=2560 beta=0 workspace=0
prefill gemm: Lt solution=2539 dtype=f16 T=497 N=1280 K=2560 ldy=1280 beta=0 workspace=0
prefill gemm: Lt solution=2539 dtype=f16 T=497 N=2560 K=640 ldy=2560 beta=0 workspace=0
prefill gemm: Lt solution=2539 dtype=f16 T=395 N=1280 K=2560 ldy=1280 beta=0 workspace=0
prefill gemm: Lt solution=2539 dtype=f16 T=395 N=2560 K=640 ldy=2560 beta=0 workspace=0
prefill gemm: Lt solution=2539 dtype=f16 T=351 N=1280 K=2560 ldy=1280 beta=0 workspace=0
prefill gemm: Lt solution=2539 dtype=f16 T=351 N=2560 K=640 ldy=2560 beta=0 workspace=0
prefill gemm: Lt solution=2539 dtype=f16 T=390 N=1280 K=2560 ldy=1280 beta=0 workspace=0
prefill gemm: Lt solution=2539 dtype=f16 T=390 N=2560 K=640 ldy=2560 beta=0 workspace=0
prefill gemm: Lt solution=2539 dtype=f16 T=541 N=1280 K=2560 ldy=1280 beta=0 workspace=0
prefill gemm: Lt solution=2539 dtype=f16 T=541 N=2560 K=640 ldy=2560 beta=0 workspace=0
prefill gemm: Lt solution=2539 dtype=f16 T=565 N=1280 K=2560 ldy=1280 beta=0 workspace=0
prefill gemm: Lt solution=2539 dtype=f16 T=565 N=2560 K=640 ldy=2560 beta=0 workspace=0
prefill gemm: Lt solution=2539 dtype=f16 T=228 N=1280 K=2560 ldy=1280 beta=0 workspace=0
prefill gemm: Lt solution=2539 dtype=f16 T=228 N=2560 K=640 ldy=2560 beta=0 workspace=0
prefill gemm: Lt solution=2539 dtype=f16 T=378 N=1280 K=2560 ldy=1280 beta=0 workspace=0
prefill gemm: Lt solution=2539 dtype=f16 T=378 N=2560 K=640 ldy=2560 beta=0 workspace=0
prefill gemm: Lt solution=2539 dtype=f16 T=602 N=1280 K=2560 ldy=1280 beta=0 workspace=0
prefill gemm: Lt solution=2539 dtype=f16 T=602 N=2560 K=640 ldy=2560 beta=0 workspace=0
prefill gemm: Lt solution=2539 dtype=f16 T=933 N=1280 K=2560 ldy=1280 beta=0 workspace=0
prefill gemm: Lt solution=2539 dtype=f16 T=933 N=2560 K=640 ldy=2560 beta=0 workspace=0
prefill gemm: Lt solution=2539 dtype=f16 T=553 N=1280 K=2560 ldy=1280 beta=0 workspace=0
prefill gemm: Lt solution=2539 dtype=f16 T=553 N=2560 K=640 ldy=2560 beta=0 workspace=0
prefill gemm: Lt solution=2539 dtype=f16 T=286 N=1280 K=2560 ldy=1280 beta=0 workspace=0
prefill gemm: Lt solution=2539 dtype=f16 T=286 N=2560 K=640 ldy=2560 beta=0 workspace=0
prefill gemm: Lt solution=2539 dtype=f16 T=437 N=1280 K=2560 ldy=1280 beta=0 workspace=0
prefill gemm: Lt solution=2539 dtype=f16 T=437 N=2560 K=640 ldy=2560 beta=0 workspace=0
prefill gemm: Lt solution=2539 dtype=f16 T=745 N=1280 K=2560 ldy=1280 beta=0 workspace=0
prefill gemm: Lt solution=2539 dtype=f16 T=745 N=2560 K=640 ldy=2560 beta=0 workspace=0
prefill gemm: Lt solution=2539 dtype=f16 T=752 N=1280 K=2560 ldy=1280 beta=0 workspace=0
prefill gemm: Lt solution=2539 dtype=f16 T=752 N=2560 K=640 ldy=2560 beta=0 workspace=0
prefill gemm: Lt solution=2539 dtype=f16 T=530 N=1280 K=2560 ldy=1280 beta=0 workspace=0
prefill gemm: Lt solution=2539 dtype=f16 T=530 N=2560 K=640 ldy=2560 beta=0 workspace=0
prefill gemm: Lt solution=2539 dtype=f16 T=368 N=1280 K=2560 ldy=1280 beta=0 workspace=0
prefill gemm: Lt solution=2539 dtype=f16 T=368 N=2560 K=640 ldy=2560 beta=0 workspace=0
prefill gemm: Lt solution=2539 dtype=f16 T=468 N=1280 K=2560 ldy=1280 beta=0 workspace=0
prefill gemm: Lt solution=2539 dtype=f16 T=468 N=2560 K=640 ldy=2560 beta=0 workspace=0
prefill gemm: Lt solution=2539 dtype=f16 T=403 N=1280 K=2560 ldy=1280 beta=0 workspace=0
prefill gemm: Lt solution=2539 dtype=f16 T=403 N=2560 K=640 ldy=2560 beta=0 workspace=0
prefill gemm: Lt solution=2539 dtype=f16 T=1116 N=1280 K=2560 ldy=1280 beta=0 workspace=0
prefill gemm: Lt solution=2539 dtype=f16 T=1116 N=2560 K=640 ldy=2560 beta=0 workspace=0
prefill gemm: Lt solution=2539 dtype=f16 T=519 N=1280 K=2560 ldy=1280 beta=0 workspace=0
prefill gemm: Lt solution=2539 dtype=f16 T=519 N=2560 K=640 ldy=2560 beta=0 workspace=0
prefill gemm: Lt solution=2539 dtype=f16 T=679 N=1280 K=2560 ldy=1280 beta=0 workspace=0
prefill gemm: Lt solution=2539 dtype=f16 T=679 N=2560 K=640 ldy=2560 beta=0 workspace=0
prefill gemm: Lt solution=2539 dtype=f16 T=603 N=1280 K=2560 ldy=1280 beta=0 workspace=0
prefill gemm: Lt solution=2539 dtype=f16 T=603 N=2560 K=640 ldy=2560 beta=0 workspace=0
prefill gemm: Lt solution=2539 dtype=f16 T=621 N=1280 K=2560 ldy=1280 beta=0 workspace=0
prefill gemm: Lt solution=2539 dtype=f16 T=621 N=2560 K=640 ldy=2560 beta=0 workspace=0
prefill gemm: Lt solution=2539 dtype=f16 T=300 N=1280 K=2560 ldy=1280 beta=0 workspace=0
prefill gemm: Lt solution=2539 dtype=f16 T=300 N=2560 K=640 ldy=2560 beta=0 workspace=0
prefill gemm: Lt solution=2539 dtype=f16 T=335 N=1280 K=2560 ldy=1280 beta=0 workspace=0
prefill gemm: Lt solution=2539 dtype=f16 T=335 N=2560 K=640 ldy=2560 beta=0 workspace=0
prefill gemm: Lt solution=2539 dtype=f16 T=433 N=1280 K=2560 ldy=1280 beta=0 workspace=0
prefill gemm: Lt solution=2539 dtype=f16 T=433 N=2560 K=640 ldy=2560 beta=0 workspace=0
prefill gemm: Lt solution=2539 dtype=f16 T=1671 N=1280 K=2560 ldy=1280 beta=0 workspace=0
prefill gemm: Lt solution=2539 dtype=f16 T=1671 N=2560 K=640 ldy=2560 beta=0 workspace=0
prefill gemm: Lt solution=2539 dtype=f16 T=765 N=1280 K=2560 ldy=1280 beta=0 workspace=0
prefill gemm: Lt solution=2539 dtype=f16 T=765 N=2560 K=640 ldy=2560 beta=0 workspace=0
prefill gemm: Lt solution=2539 dtype=f16 T=561 N=1280 K=2560 ldy=1280 beta=0 workspace=0
prefill gemm: Lt solution=2539 dtype=f16 T=561 N=2560 K=640 ldy=2560 beta=0 workspace=0
prefill gemm: Lt solution=2539 dtype=f16 T=281 N=1280 K=2560 ldy=1280 beta=0 workspace=0
prefill gemm: Lt solution=2539 dtype=f16 T=281 N=2560 K=640 ldy=2560 beta=0 workspace=0
prefill gemm: Lt solution=2539 dtype=f16 T=672 N=1280 K=2560 ldy=1280 beta=0 workspace=0
prefill gemm: Lt solution=2539 dtype=f16 T=672 N=2560 K=640 ldy=2560 beta=0 workspace=0
prefill gemm: Lt solution=2539 dtype=f16 T=338 N=1280 K=2560 ldy=1280 beta=0 workspace=0
prefill gemm: Lt solution=2539 dtype=f16 T=338 N=2560 K=640 ldy=2560 beta=0 workspace=0
prefill gemm: Lt solution=2539 dtype=f16 T=570 N=1280 K=2560 ldy=1280 beta=0 workspace=0
prefill gemm: Lt solution=2539 dtype=f16 T=570 N=2560 K=640 ldy=2560 beta=0 workspace=0
prefill gemm: Lt solution=2539 dtype=f16 T=792 N=1280 K=2560 ldy=1280 beta=0 workspace=0
prefill gemm: Lt solution=2539 dtype=f16 T=792 N=2560 K=640 ldy=2560 beta=0 workspace=0
prefill gemm: Lt solution=2539 dtype=f16 T=426 N=1280 K=2560 ldy=1280 beta=0 workspace=0
prefill gemm: Lt solution=2539 dtype=f16 T=426 N=2560 K=640 ldy=2560 beta=0 workspace=0
prefill gemm: Lt solution=2539 dtype=f16 T=520 N=1280 K=2560 ldy=1280 beta=0 workspace=0
prefill gemm: Lt solution=2539 dtype=f16 T=520 N=2560 K=640 ldy=2560 beta=0 workspace=0
prefill gemm: Lt solution=2539 dtype=f16 T=582 N=1280 K=2560 ldy=1280 beta=0 workspace=0
prefill gemm: Lt solution=2539 dtype=f16 T=582 N=2560 K=640 ldy=2560 beta=0 workspace=0
prefill gemm: Lt solution=2539 dtype=f16 T=604 N=1280 K=2560 ldy=1280 beta=0 workspace=0
prefill gemm: Lt solution=2539 dtype=f16 T=604 N=2560 K=640 ldy=2560 beta=0 workspace=0
prefill gemm: Lt solution=2539 dtype=f16 T=457 N=1280 K=2560 ldy=1280 beta=0 workspace=0
prefill gemm: Lt solution=2539 dtype=f16 T=457 N=2560 K=640 ldy=2560 beta=0 workspace=0
prefill gemm: Lt solution=2539 dtype=f16 T=641 N=1280 K=2560 ldy=1280 beta=0 workspace=0
prefill gemm: Lt solution=2539 dtype=f16 T=641 N=2560 K=640 ldy=2560 beta=0 workspace=0
prefill gemm: Lt solution=2539 dtype=f16 T=717 N=1280 K=2560 ldy=1280 beta=0 workspace=0
prefill gemm: Lt solution=2539 dtype=f16 T=717 N=2560 K=640 ldy=2560 beta=0 workspace=0
prefill gemm: Lt solution=2539 dtype=f16 T=675 N=1280 K=2560 ldy=1280 beta=0 workspace=0
prefill gemm: Lt solution=2539 dtype=f16 T=675 N=2560 K=640 ldy=2560 beta=0 workspace=0
prefill gemm: Lt solution=2539 dtype=f16 T=474 N=1280 K=2560 ldy=1280 beta=0 workspace=0
prefill gemm: Lt solution=2539 dtype=f16 T=474 N=2560 K=640 ldy=2560 beta=0 workspace=0
prefill gemm: Lt solution=2539 dtype=f16 T=413 N=1280 K=2560 ldy=1280 beta=0 workspace=0
prefill gemm: Lt solution=2539 dtype=f16 T=413 N=2560 K=640 ldy=2560 beta=0 workspace=0
prefill gemm: Lt solution=2539 dtype=f16 T=513 N=1280 K=2560 ldy=1280 beta=0 workspace=0
prefill gemm: Lt solution=2539 dtype=f16 T=513 N=2560 K=640 ldy=2560 beta=0 workspace=0
prefill gemm: Lt solution=2539 dtype=f16 T=769 N=1280 K=2560 ldy=1280 beta=0 workspace=0
prefill gemm: Lt solution=2539 dtype=f16 T=769 N=2560 K=640 ldy=2560 beta=0 workspace=0
prefill gemm: Lt solution=2539 dtype=f16 T=611 N=1280 K=2560 ldy=1280 beta=0 workspace=0
prefill gemm: Lt solution=2539 dtype=f16 T=611 N=2560 K=640 ldy=2560 beta=0 workspace=0
prefill gemm: Lt solution=2539 dtype=f16 T=487 N=1280 K=2560 ldy=1280 beta=0 workspace=0
prefill gemm: Lt solution=2539 dtype=f16 T=487 N=2560 K=640 ldy=2560 beta=0 workspace=0
prefill gemm: Lt solution=2539 dtype=f16 T=442 N=1280 K=2560 ldy=1280 beta=0 workspace=0
prefill gemm: Lt solution=2539 dtype=f16 T=442 N=2560 K=640 ldy=2560 beta=0 workspace=0
prefill gemm: Lt solution=2539 dtype=f16 T=598 N=1280 K=2560 ldy=1280 beta=0 workspace=0
prefill gemm: Lt solution=2539 dtype=f16 T=598 N=2560 K=640 ldy=2560 beta=0 workspace=0
prefill gemm: Lt solution=2539 dtype=f16 T=980 N=1280 K=2560 ldy=1280 beta=0 workspace=0
prefill gemm: Lt solution=2539 dtype=f16 T=980 N=2560 K=640 ldy=2560 beta=0 workspace=0
prefill gemm: Lt solution=2539 dtype=f16 T=391 N=1280 K=2560 ldy=1280 beta=0 workspace=0
prefill gemm: Lt solution=2539 dtype=f16 T=391 N=2560 K=640 ldy=2560 beta=0 workspace=0
prefill gemm: Lt solution=2539 dtype=f16 T=724 N=1280 K=2560 ldy=1280 beta=0 workspace=0
prefill gemm: Lt solution=2539 dtype=f16 T=724 N=2560 K=640 ldy=2560 beta=0 workspace=0
prefill gemm: Lt solution=2539 dtype=f16 T=596 N=1280 K=2560 ldy=1280 beta=0 workspace=0
prefill gemm: Lt solution=2539 dtype=f16 T=596 N=2560 K=640 ldy=2560 beta=0 workspace=0
prefill gemm: Lt solution=2539 dtype=f16 T=1466 N=1280 K=2560 ldy=1280 beta=0 workspace=0
prefill gemm: Lt solution=2539 dtype=f16 T=1466 N=2560 K=640 ldy=2560 beta=0 workspace=0
prefill gemm: Lt solution=2539 dtype=f16 T=1036 N=1280 K=2560 ldy=1280 beta=0 workspace=0
prefill gemm: Lt solution=2539 dtype=f16 T=1036 N=2560 K=640 ldy=2560 beta=0 workspace=0
prefill gemm: Lt solution=2539 dtype=f16 T=1416 N=1280 K=2560 ldy=1280 beta=0 workspace=0
prefill gemm: Lt solution=2539 dtype=f16 T=1416 N=2560 K=640 ldy=2560 beta=0 workspace=0
prefill gemm: Lt solution=2539 dtype=f16 T=558 N=1280 K=2560 ldy=1280 beta=0 workspace=0
prefill gemm: Lt solution=2539 dtype=f16 T=558 N=2560 K=640 ldy=2560 beta=0 workspace=0
prefill gemm: Lt solution=2539 dtype=f16 T=187 N=1280 K=2560 ldy=1280 beta=0 workspace=0
prefill gemm: Lt solution=2539 dtype=f16 T=187 N=2560 K=640 ldy=2560 beta=0 workspace=0
prefill gemm: Lt solution=2539 dtype=f16 T=524 N=1280 K=2560 ldy=1280 beta=0 workspace=0
prefill gemm: Lt solution=2539 dtype=f16 T=524 N=2560 K=640 ldy=2560 beta=0 workspace=0
prefill gemm: Lt solution=2539 dtype=f16 T=1200 N=1280 K=2560 ldy=1280 beta=0 workspace=0
prefill gemm: Lt solution=2539 dtype=f16 T=1200 N=2560 K=640 ldy=2560 beta=0 workspace=0
prefill gemm: Lt solution=2539 dtype=f16 T=1140 N=1280 K=2560 ldy=1280 beta=0 workspace=0
prefill gemm: Lt solution=2539 dtype=f16 T=1140 N=2560 K=640 ldy=2560 beta=0 workspace=0
prefill gemm: Lt solution=2539 dtype=f16 T=688 N=1280 K=2560 ldy=1280 beta=0 workspace=0
prefill gemm: Lt solution=2539 dtype=f16 T=688 N=2560 K=640 ldy=2560 beta=0 workspace=0
prefill gemm: Lt solution=2539 dtype=f16 T=321 N=1280 K=2560 ldy=1280 beta=0 workspace=0
prefill gemm: Lt solution=2539 dtype=f16 T=321 N=2560 K=640 ldy=2560 beta=0 workspace=0
prefill gemm: Lt solution=2539 dtype=f16 T=774 N=1280 K=2560 ldy=1280 beta=0 workspace=0
prefill gemm: Lt solution=2539 dtype=f16 T=774 N=2560 K=640 ldy=2560 beta=0 workspace=0
prefill gemm: Lt solution=2539 dtype=f16 T=1945 N=1280 K=2560 ldy=1280 beta=0 workspace=0
prefill gemm: Lt solution=2539 dtype=f16 T=1945 N=2560 K=640 ldy=2560 beta=0 workspace=0
prefill gemm: Lt solution=2539 dtype=f16 T=1300 N=1280 K=2560 ldy=1280 beta=0 workspace=0
prefill gemm: Lt solution=2539 dtype=f16 T=1300 N=2560 K=640 ldy=2560 beta=0 workspace=0
prefill gemm: Lt solution=2539 dtype=f16 T=591 N=1280 K=2560 ldy=1280 beta=0 workspace=0
prefill gemm: Lt solution=2539 dtype=f16 T=591 N=2560 K=640 ldy=2560 beta=0 workspace=0
prefill gemm: Lt solution=2539 dtype=f16 T=816 N=1280 K=2560 ldy=1280 beta=0 workspace=0
prefill gemm: Lt solution=2539 dtype=f16 T=816 N=2560 K=640 ldy=2560 beta=0 workspace=0
prefill gemm: Lt solution=2539 dtype=f16 T=383 N=1280 K=2560 ldy=1280 beta=0 workspace=0
prefill gemm: Lt solution=2539 dtype=f16 T=383 N=2560 K=640 ldy=2560 beta=0 workspace=0
prefill gemm: Lt solution=2539 dtype=f16 T=1065 N=1280 K=2560 ldy=1280 beta=0 workspace=0
prefill gemm: Lt solution=2539 dtype=f16 T=1065 N=2560 K=640 ldy=2560 beta=0 workspace=0
prefill gemm: Lt solution=2539 dtype=f16 T=1931 N=1280 K=2560 ldy=1280 beta=0 workspace=0
prefill gemm: Lt solution=2539 dtype=f16 T=1931 N=2560 K=640 ldy=2560 beta=0 workspace=0
prefill gemm: Lt solution=2539 dtype=f16 T=842 N=1280 K=2560 ldy=1280 beta=0 workspace=0
prefill gemm: Lt solution=2539 dtype=f16 T=842 N=2560 K=640 ldy=2560 beta=0 workspace=0
prefill gemm: Lt solution=2539 dtype=f16 T=1120 N=1280 K=2560 ldy=1280 beta=0 workspace=0
prefill gemm: Lt solution=2539 dtype=f16 T=1120 N=2560 K=640 ldy=2560 beta=0 workspace=0
prefill gemm: Lt solution=2539 dtype=f16 T=552 N=1280 K=2560 ldy=1280 beta=0 workspace=0
prefill gemm: Lt solution=2539 dtype=f16 T=552 N=2560 K=640 ldy=2560 beta=0 workspace=0
prefill gemm: Lt solution=2539 dtype=f16 T=527 N=1280 K=2560 ldy=1280 beta=0 workspace=0
prefill gemm: Lt solution=2539 dtype=f16 T=527 N=2560 K=640 ldy=2560 beta=0 workspace=0
prefill gemm: Lt solution=2539 dtype=f16 T=671 N=1280 K=2560 ldy=1280 beta=0 workspace=0
prefill gemm: Lt solution=2539 dtype=f16 T=671 N=2560 K=640 ldy=2560 beta=0 workspace=0
prefill gemm: Lt solution=2539 dtype=f16 T=1063 N=1280 K=2560 ldy=1280 beta=0 workspace=0
prefill gemm: Lt solution=2539 dtype=f16 T=1063 N=2560 K=640 ldy=2560 beta=0 workspace=0
prefill gemm: Lt solution=2539 dtype=f16 T=966 N=1280 K=2560 ldy=1280 beta=0 workspace=0
prefill gemm: Lt solution=2539 dtype=f16 T=966 N=2560 K=640 ldy=2560 beta=0 workspace=0
prefill gemm: Lt solution=2539 dtype=f16 T=556 N=1280 K=2560 ldy=1280 beta=0 workspace=0
prefill gemm: Lt solution=2539 dtype=f16 T=556 N=2560 K=640 ldy=2560 beta=0 workspace=0
prefill gemm: Lt solution=2539 dtype=f16 T=1326 N=1280 K=2560 ldy=1280 beta=0 workspace=0
prefill gemm: Lt solution=2539 dtype=f16 T=1326 N=2560 K=640 ldy=2560 beta=0 workspace=0
prefill gemm: Lt solution=2539 dtype=f16 T=304 N=1280 K=2560 ldy=1280 beta=0 workspace=0
prefill gemm: Lt solution=2539 dtype=f16 T=304 N=2560 K=640 ldy=2560 beta=0 workspace=0
prefill gemm: Lt solution=2539 dtype=f16 T=904 N=1280 K=2560 ldy=1280 beta=0 workspace=0
prefill gemm: Lt solution=2539 dtype=f16 T=904 N=2560 K=640 ldy=2560 beta=0 workspace=0
prefill gemm: Lt solution=2539 dtype=f16 T=539 N=1280 K=2560 ldy=1280 beta=0 workspace=0
prefill gemm: Lt solution=2539 dtype=f16 T=539 N=2560 K=640 ldy=2560 beta=0 workspace=0
prefill gemm: Lt solution=2539 dtype=f16 T=634 N=1280 K=2560 ldy=1280 beta=0 workspace=0
prefill gemm: Lt solution=2539 dtype=f16 T=634 N=2560 K=640 ldy=2560 beta=0 workspace=0
prefill gemm: Lt solution=2539 dtype=f16 T=680 N=1280 K=2560 ldy=1280 beta=0 workspace=0
prefill gemm: Lt solution=2539 dtype=f16 T=680 N=2560 K=640 ldy=2560 beta=0 workspace=0
prefill gemm: Lt solution=2539 dtype=f16 T=926 N=1280 K=2560 ldy=1280 beta=0 workspace=0
prefill gemm: Lt solution=2539 dtype=f16 T=926 N=2560 K=640 ldy=2560 beta=0 workspace=0
prefill gemm: Lt solution=2539 dtype=f16 T=562 N=1280 K=2560 ldy=1280 beta=0 workspace=0
prefill gemm: Lt solution=2539 dtype=f16 T=562 N=2560 K=640 ldy=2560 beta=0 workspace=0
prefill gemm: Lt solution=2539 dtype=f16 T=601 N=1280 K=2560 ldy=1280 beta=0 workspace=0
prefill gemm: Lt solution=2539 dtype=f16 T=601 N=2560 K=640 ldy=2560 beta=0 workspace=0
prefill gemm: Lt solution=2539 dtype=f16 T=416 N=1280 K=2560 ldy=1280 beta=0 workspace=0
prefill gemm: Lt solution=2539 dtype=f16 T=416 N=2560 K=640 ldy=2560 beta=0 workspace=0
prefill gemm: Lt solution=2539 dtype=f16 T=380 N=1280 K=2560 ldy=1280 beta=0 workspace=0
prefill gemm: Lt solution=2539 dtype=f16 T=380 N=2560 K=640 ldy=2560 beta=0 workspace=0
prefill gemm: Lt solution=2539 dtype=f16 T=617 N=1280 K=2560 ldy=1280 beta=0 workspace=0
prefill gemm: Lt solution=2539 dtype=f16 T=617 N=2560 K=640 ldy=2560 beta=0 workspace=0
prefill gemm: Lt solution=2539 dtype=f16 T=1960 N=1280 K=2560 ldy=1280 beta=0 workspace=0
prefill gemm: Lt solution=2539 dtype=f16 T=1960 N=2560 K=640 ldy=2560 beta=0 workspace=0
prefill gemm: Lt solution=2539 dtype=f16 T=397 N=1280 K=2560 ldy=1280 beta=0 workspace=0
prefill gemm: Lt solution=2539 dtype=f16 T=397 N=2560 K=640 ldy=2560 beta=0 workspace=0
prefill gemm: Lt solution=2539 dtype=f16 T=1494 N=1280 K=2560 ldy=1280 beta=0 workspace=0
prefill gemm: Lt solution=2539 dtype=f16 T=1494 N=2560 K=640 ldy=2560 beta=0 workspace=0
prefill gemm: Lt solution=2539 dtype=f16 T=778 N=1280 K=2560 ldy=1280 beta=0 workspace=0
prefill gemm: Lt solution=2539 dtype=f16 T=778 N=2560 K=640 ldy=2560 beta=0 workspace=0
prefill gemm: Lt solution=2539 dtype=f16 T=960 N=1280 K=2560 ldy=1280 beta=0 workspace=0
prefill gemm: Lt solution=2539 dtype=f16 T=960 N=2560 K=640 ldy=2560 beta=0 workspace=0
prefill gemm: Lt solution=2539 dtype=f16 T=505 N=1280 K=2560 ldy=1280 beta=0 workspace=0
prefill gemm: Lt solution=2539 dtype=f16 T=505 N=2560 K=640 ldy=2560 beta=0 workspace=0
prefill gemm: Lt solution=2539 dtype=f16 T=1124 N=1280 K=2560 ldy=1280 beta=0 workspace=0
prefill gemm: Lt solution=2539 dtype=f16 T=1124 N=2560 K=640 ldy=2560 beta=0 workspace=0
prefill gemm: Lt solution=2539 dtype=f16 T=902 N=1280 K=2560 ldy=1280 beta=0 workspace=0
prefill gemm: Lt solution=2539 dtype=f16 T=902 N=2560 K=640 ldy=2560 beta=0 workspace=0
prefill gemm: Lt solution=2539 dtype=f16 T=316 N=1280 K=2560 ldy=1280 beta=0 workspace=0
prefill gemm: Lt solution=2539 dtype=f16 T=316 N=2560 K=640 ldy=2560 beta=0 workspace=0
prefill gemm: Lt solution=2539 dtype=f16 T=2079 N=1280 K=2560 ldy=1280 beta=0 workspace=0
prefill gemm: Lt solution=2539 dtype=f16 T=2079 N=2560 K=640 ldy=2560 beta=0 workspace=0
prefill gemm: Lt solution=2539 dtype=f16 T=713 N=1280 K=2560 ldy=1280 beta=0 workspace=0
prefill gemm: Lt solution=2539 dtype=f16 T=713 N=2560 K=640 ldy=2560 beta=0 workspace=0
prefill gemm: Lt solution=2539 dtype=f16 T=987 N=1280 K=2560 ldy=1280 beta=0 workspace=0
prefill gemm: Lt solution=2539 dtype=f16 T=987 N=2560 K=640 ldy=2560 beta=0 workspace=0
prefill gemm: Lt solution=2539 dtype=f16 T=1051 N=1280 K=2560 ldy=1280 beta=0 workspace=0
prefill gemm: Lt solution=2539 dtype=f16 T=1051 N=2560 K=640 ldy=2560 beta=0 workspace=0
prefill gemm: Lt solution=2539 dtype=f16 T=790 N=1280 K=2560 ldy=1280 beta=0 workspace=0
prefill gemm: Lt solution=2539 dtype=f16 T=790 N=2560 K=640 ldy=2560 beta=0 workspace=0
prefill gemm: Lt solution=2539 dtype=f16 T=484 N=1280 K=2560 ldy=1280 beta=0 workspace=0
prefill gemm: Lt solution=2539 dtype=f16 T=484 N=2560 K=640 ldy=2560 beta=0 workspace=0
prefill gemm: Lt solution=2539 dtype=f16 T=1013 N=1280 K=2560 ldy=1280 beta=0 workspace=0
prefill gemm: Lt solution=2539 dtype=f16 T=1013 N=2560 K=640 ldy=2560 beta=0 workspace=0
prefill gemm: Lt solution=2539 dtype=f16 T=393 N=1280 K=2560 ldy=1280 beta=0 workspace=0
prefill gemm: Lt solution=2539 dtype=f16 T=393 N=2560 K=640 ldy=2560 beta=0 workspace=0
prefill gemm: Lt solution=2539 dtype=f16 T=753 N=1280 K=2560 ldy=1280 beta=0 workspace=0
prefill gemm: Lt solution=2539 dtype=f16 T=753 N=2560 K=640 ldy=2560 beta=0 workspace=0
prefill gemm: Lt solution=2539 dtype=f16 T=258 N=1280 K=2560 ldy=1280 beta=0 workspace=0
prefill gemm: Lt solution=2539 dtype=f16 T=258 N=2560 K=640 ldy=2560 beta=0 workspace=0
prefill gemm: Lt solution=2539 dtype=f16 T=736 N=1280 K=2560 ldy=1280 beta=0 workspace=0
prefill gemm: Lt solution=2539 dtype=f16 T=736 N=2560 K=640 ldy=2560 beta=0 workspace=0
prefill gemm: Lt solution=2539 dtype=f16 T=478 N=1280 K=2560 ldy=1280 beta=0 workspace=0
prefill gemm: Lt solution=2539 dtype=f16 T=478 N=2560 K=640 ldy=2560 beta=0 workspace=0
prefill gemm: Lt solution=2539 dtype=f16 T=1238 N=1280 K=2560 ldy=1280 beta=0 workspace=0
prefill gemm: Lt solution=2539 dtype=f16 T=1238 N=2560 K=640 ldy=2560 beta=0 workspace=0
prefill gemm: Lt solution=2539 dtype=f16 T=735 N=1280 K=2560 ldy=1280 beta=0 workspace=0
prefill gemm: Lt solution=2539 dtype=f16 T=735 N=2560 K=640 ldy=2560 beta=0 workspace=0
prefill gemm: Lt solution=2539 dtype=f16 T=307 N=1280 K=2560 ldy=1280 beta=0 workspace=0
prefill gemm: Lt solution=2539 dtype=f16 T=307 N=2560 K=640 ldy=2560 beta=0 workspace=0
prefill gemm: Lt solution=2539 dtype=f16 T=749 N=1280 K=2560 ldy=1280 beta=0 workspace=0
prefill gemm: Lt solution=2539 dtype=f16 T=749 N=2560 K=640 ldy=2560 beta=0 workspace=0
prefill gemm: Lt solution=2539 dtype=f16 T=580 N=1280 K=2560 ldy=1280 beta=0 workspace=0
prefill gemm: Lt solution=2539 dtype=f16 T=580 N=2560 K=640 ldy=2560 beta=0 workspace=0
prefill gemm: Lt solution=2539 dtype=f16 T=372 N=1280 K=2560 ldy=1280 beta=0 workspace=0
prefill gemm: Lt solution=2539 dtype=f16 T=372 N=2560 K=640 ldy=2560 beta=0 workspace=0
prefill gemm: Lt solution=2539 dtype=f16 T=557 N=1280 K=2560 ldy=1280 beta=0 workspace=0
prefill gemm: Lt solution=2539 dtype=f16 T=557 N=2560 K=640 ldy=2560 beta=0 workspace=0
prefill gemm: Lt solution=2539 dtype=f16 T=451 N=1280 K=2560 ldy=1280 beta=0 workspace=0
prefill gemm: Lt solution=2539 dtype=f16 T=451 N=2560 K=640 ldy=2560 beta=0 workspace=0
prefill gemm: Lt solution=2539 dtype=f16 T=550 N=1280 K=2560 ldy=1280 beta=0 workspace=0
prefill gemm: Lt solution=2539 dtype=f16 T=550 N=2560 K=640 ldy=2560 beta=0 workspace=0
prefill gemm: Lt solution=2539 dtype=f16 T=1007 N=1280 K=2560 ldy=1280 beta=0 workspace=0
prefill gemm: Lt solution=2539 dtype=f16 T=1007 N=2560 K=640 ldy=2560 beta=0 workspace=0
prefill gemm: Lt solution=2539 dtype=f16 T=833 N=1280 K=2560 ldy=1280 beta=0 workspace=0
prefill gemm: Lt solution=2539 dtype=f16 T=833 N=2560 K=640 ldy=2560 beta=0 workspace=0
prefill gemm: Lt solution=2539 dtype=f16 T=860 N=1280 K=2560 ldy=1280 beta=0 workspace=0
prefill gemm: Lt solution=2539 dtype=f16 T=860 N=2560 K=640 ldy=2560 beta=0 workspace=0
prefill gemm: Lt solution=2539 dtype=f16 T=339 N=1280 K=2560 ldy=1280 beta=0 workspace=0
prefill gemm: Lt solution=2539 dtype=f16 T=339 N=2560 K=640 ldy=2560 beta=0 workspace=0
prefill gemm: Lt solution=2539 dtype=f16 T=381 N=1280 K=2560 ldy=1280 beta=0 workspace=0
prefill gemm: Lt solution=2539 dtype=f16 T=381 N=2560 K=640 ldy=2560 beta=0 workspace=0
prefill gemm: Lt solution=2539 dtype=f16 T=652 N=1280 K=2560 ldy=1280 beta=0 workspace=0
prefill gemm: Lt solution=2539 dtype=f16 T=652 N=2560 K=640 ldy=2560 beta=0 workspace=0
prefill gemm: Lt solution=2539 dtype=f16 T=531 N=1280 K=2560 ldy=1280 beta=0 workspace=0
prefill gemm: Lt solution=2539 dtype=f16 T=531 N=2560 K=640 ldy=2560 beta=0 workspace=0
prefill gemm: Lt solution=2539 dtype=f16 T=344 N=1280 K=2560 ldy=1280 beta=0 workspace=0
prefill gemm: Lt solution=2539 dtype=f16 T=344 N=2560 K=640 ldy=2560 beta=0 workspace=0
prefill gemm: Lt solution=2539 dtype=f16 T=340 N=1280 K=2560 ldy=1280 beta=0 workspace=0
prefill gemm: Lt solution=2539 dtype=f16 T=340 N=2560 K=640 ldy=2560 beta=0 workspace=0
prefill gemm: Lt solution=2539 dtype=f16 T=2101 N=1280 K=2560 ldy=1280 beta=0 workspace=0
prefill gemm: Lt solution=2539 dtype=f16 T=2101 N=2560 K=640 ldy=2560 beta=0 workspace=0
prefill gemm: Lt solution=2539 dtype=f16 T=411 N=1280 K=2560 ldy=1280 beta=0 workspace=0
prefill gemm: Lt solution=2539 dtype=f16 T=411 N=2560 K=640 ldy=2560 beta=0 workspace=0
prefill gemm: Lt solution=2539 dtype=f16 T=879 N=1280 K=2560 ldy=1280 beta=0 workspace=0
prefill gemm: Lt solution=2539 dtype=f16 T=879 N=2560 K=640 ldy=2560 beta=0 workspace=0
prefill gemm: Lt solution=2539 dtype=f16 T=491 N=1280 K=2560 ldy=1280 beta=0 workspace=0
prefill gemm: Lt solution=2539 dtype=f16 T=491 N=2560 K=640 ldy=2560 beta=0 workspace=0
prefill gemm: Lt solution=2539 dtype=f16 T=332 N=1280 K=2560 ldy=1280 beta=0 workspace=0
prefill gemm: Lt solution=2539 dtype=f16 T=332 N=2560 K=640 ldy=2560 beta=0 workspace=0
prefill gemm: Lt solution=2539 dtype=f16 T=350 N=1280 K=2560 ldy=1280 beta=0 workspace=0
prefill gemm: Lt solution=2539 dtype=f16 T=350 N=2560 K=640 ldy=2560 beta=0 workspace=0
prefill gemm: Lt solution=2539 dtype=f16 T=595 N=1280 K=2560 ldy=1280 beta=0 workspace=0
prefill gemm: Lt solution=2539 dtype=f16 T=595 N=2560 K=640 ldy=2560 beta=0 workspace=0
prefill gemm: Lt solution=2539 dtype=f16 T=542 N=1280 K=2560 ldy=1280 beta=0 workspace=0
prefill gemm: Lt solution=2539 dtype=f16 T=542 N=2560 K=640 ldy=2560 beta=0 workspace=0
prefill gemm: Lt solution=2539 dtype=f16 T=547 N=1280 K=2560 ldy=1280 beta=0 workspace=0
prefill gemm: Lt solution=2539 dtype=f16 T=547 N=2560 K=640 ldy=2560 beta=0 workspace=0
prefill gemm: Lt solution=2539 dtype=f16 T=853 N=1280 K=2560 ldy=1280 beta=0 workspace=0
prefill gemm: Lt solution=2539 dtype=f16 T=853 N=2560 K=640 ldy=2560 beta=0 workspace=0
prefill gemm: Lt solution=2539 dtype=f16 T=612 N=1280 K=2560 ldy=1280 beta=0 workspace=0
prefill gemm: Lt solution=2539 dtype=f16 T=612 N=2560 K=640 ldy=2560 beta=0 workspace=0
prefill gemm: Lt solution=2539 dtype=f16 T=827 N=1280 K=2560 ldy=1280 beta=0 workspace=0
prefill gemm: Lt solution=2539 dtype=f16 T=827 N=2560 K=640 ldy=2560 beta=0 workspace=0
prefill gemm: Lt solution=2539 dtype=f16 T=817 N=1280 K=2560 ldy=1280 beta=0 workspace=0
prefill gemm: Lt solution=2539 dtype=f16 T=817 N=2560 K=640 ldy=2560 beta=0 workspace=0
prefill gemm: Lt solution=2539 dtype=f16 T=632 N=1280 K=2560 ldy=1280 beta=0 workspace=0
prefill gemm: Lt solution=2539 dtype=f16 T=632 N=2560 K=640 ldy=2560 beta=0 workspace=0
prefill gemm: Lt solution=2539 dtype=f16 T=2053 N=1280 K=2560 ldy=1280 beta=0 workspace=0
prefill gemm: Lt solution=2539 dtype=f16 T=2053 N=2560 K=640 ldy=2560 beta=0 workspace=0
prefill gemm: Lt solution=2539 dtype=f16 T=1574 N=1280 K=2560 ldy=1280 beta=0 workspace=0
prefill gemm: Lt solution=2539 dtype=f16 T=1574 N=2560 K=640 ldy=2560 beta=0 workspace=0
prefill gemm: Lt solution=2539 dtype=f16 T=328 N=1280 K=2560 ldy=1280 beta=0 workspace=0
prefill gemm: Lt solution=2539 dtype=f16 T=328 N=2560 K=640 ldy=2560 beta=0 workspace=0
prefill gemm: Lt solution=2539 dtype=f16 T=794 N=1280 K=2560 ldy=1280 beta=0 workspace=0
prefill gemm: Lt solution=2539 dtype=f16 T=794 N=2560 K=640 ldy=2560 beta=0 workspace=0
prefill gemm: Lt solution=2539 dtype=f16 T=994 N=1280 K=2560 ldy=1280 beta=0 workspace=0
prefill gemm: Lt solution=2539 dtype=f16 T=994 N=2560 K=640 ldy=2560 beta=0 workspace=0
prefill gemm: Lt solution=2539 dtype=f16 T=1685 N=1280 K=2560 ldy=1280 beta=0 workspace=0
prefill gemm: Lt solution=2539 dtype=f16 T=1685 N=2560 K=640 ldy=2560 beta=0 workspace=0
prefill gemm: Lt solution=2539 dtype=f16 T=1875 N=1280 K=2560 ldy=1280 beta=0 workspace=0
prefill gemm: Lt solution=2539 dtype=f16 T=1875 N=2560 K=640 ldy=2560 beta=0 workspace=0
prefill gemm: Lt solution=2539 dtype=f16 T=1019 N=1280 K=2560 ldy=1280 beta=0 workspace=0
prefill gemm: Lt solution=2539 dtype=f16 T=1019 N=2560 K=640 ldy=2560 beta=0 workspace=0
prefill gemm: Lt solution=2539 dtype=f16 T=707 N=1280 K=2560 ldy=1280 beta=0 workspace=0
prefill gemm: Lt solution=2539 dtype=f16 T=707 N=2560 K=640 ldy=2560 beta=0 workspace=0
prefill gemm: Lt solution=2539 dtype=f16 T=1521 N=1280 K=2560 ldy=1280 beta=0 workspace=0
prefill gemm: Lt solution=2539 dtype=f16 T=1521 N=2560 K=640 ldy=2560 beta=0 workspace=0
prefill gemm: Lt solution=2539 dtype=f16 T=544 N=1280 K=2560 ldy=1280 beta=0 workspace=0
prefill gemm: Lt solution=2539 dtype=f16 T=544 N=2560 K=640 ldy=2560 beta=0 workspace=0
prefill gemm: Lt solution=2539 dtype=f16 T=805 N=1280 K=2560 ldy=1280 beta=0 workspace=0
prefill gemm: Lt solution=2539 dtype=f16 T=805 N=2560 K=640 ldy=2560 beta=0 workspace=0
prefill gemm: Lt solution=2539 dtype=f16 T=486 N=1280 K=2560 ldy=1280 beta=0 workspace=0
prefill gemm: Lt solution=2539 dtype=f16 T=486 N=2560 K=640 ldy=2560 beta=0 workspace=0
prefill gemm: Lt solution=2539 dtype=f16 T=610 N=1280 K=2560 ldy=1280 beta=0 workspace=0
prefill gemm: Lt solution=2539 dtype=f16 T=610 N=2560 K=640 ldy=2560 beta=0 workspace=0
prefill gemm: Lt solution=2539 dtype=f16 T=292 N=1280 K=2560 ldy=1280 beta=0 workspace=0
prefill gemm: Lt solution=2539 dtype=f16 T=292 N=2560 K=640 ldy=2560 beta=0 workspace=0
prefill gemm: Lt solution=2539 dtype=f16 T=341 N=1280 K=2560 ldy=1280 beta=0 workspace=0
prefill gemm: Lt solution=2539 dtype=f16 T=341 N=2560 K=640 ldy=2560 beta=0 workspace=0
prefill gemm: Lt solution=2539 dtype=f16 T=618 N=1280 K=2560 ldy=1280 beta=0 workspace=0
prefill gemm: Lt solution=2539 dtype=f16 T=618 N=2560 K=640 ldy=2560 beta=0 workspace=0
prefill gemm: Lt solution=2539 dtype=f16 T=834 N=1280 K=2560 ldy=1280 beta=0 workspace=0
prefill gemm: Lt solution=2539 dtype=f16 T=834 N=2560 K=640 ldy=2560 beta=0 workspace=0
prefill gemm: Lt solution=2539 dtype=f16 T=907 N=1280 K=2560 ldy=1280 beta=0 workspace=0
prefill gemm: Lt solution=2539 dtype=f16 T=907 N=2560 K=640 ldy=2560 beta=0 workspace=0
prefill gemm: Lt solution=2539 dtype=f16 T=1037 N=1280 K=2560 ldy=1280 beta=0 workspace=0
prefill gemm: Lt solution=2539 dtype=f16 T=1037 N=2560 K=640 ldy=2560 beta=0 workspace=0
prefill gemm: Lt solution=2539 dtype=f16 T=1409 N=1280 K=2560 ldy=1280 beta=0 workspace=0
prefill gemm: Lt solution=2539 dtype=f16 T=1409 N=2560 K=640 ldy=2560 beta=0 workspace=0
prefill gemm: Lt solution=2539 dtype=f16 T=1325 N=1280 K=2560 ldy=1280 beta=0 workspace=0
prefill gemm: Lt solution=2539 dtype=f16 T=1325 N=2560 K=640 ldy=2560 beta=0 workspace=0
prefill gemm: Lt solution=2539 dtype=f16 T=821 N=1280 K=2560 ldy=1280 beta=0 workspace=0
prefill gemm: Lt solution=2539 dtype=f16 T=821 N=2560 K=640 ldy=2560 beta=0 workspace=0
prefill gemm: Lt solution=2539 dtype=f16 T=636 N=1280 K=2560 ldy=1280 beta=0 workspace=0
prefill gemm: Lt solution=2539 dtype=f16 T=636 N=2560 K=640 ldy=2560 beta=0 workspace=0
prefill gemm: Lt solution=2539 dtype=f16 T=1103 N=1280 K=2560 ldy=1280 beta=0 workspace=0
prefill gemm: Lt solution=2539 dtype=f16 T=1103 N=2560 K=640 ldy=2560 beta=0 workspace=0
prefill gemm: Lt solution=2539 dtype=f16 T=1002 N=1280 K=2560 ldy=1280 beta=0 workspace=0
prefill gemm: Lt solution=2539 dtype=f16 T=1002 N=2560 K=640 ldy=2560 beta=0 workspace=0
prefill gemm: Lt solution=2539 dtype=f16 T=483 N=1280 K=2560 ldy=1280 beta=0 workspace=0
prefill gemm: Lt solution=2539 dtype=f16 T=483 N=2560 K=640 ldy=2560 beta=0 workspace=0
prefill gemm: Lt solution=2539 dtype=f16 T=1977 N=1280 K=2560 ldy=1280 beta=0 workspace=0
prefill gemm: Lt solution=2539 dtype=f16 T=1977 N=2560 K=640 ldy=2560 beta=0 workspace=0
prefill gemm: Lt solution=2539 dtype=f16 T=599 N=1280 K=2560 ldy=1280 beta=0 workspace=0
prefill gemm: Lt solution=2539 dtype=f16 T=599 N=2560 K=640 ldy=2560 beta=0 workspace=0
prefill gemm: Lt solution=2539 dtype=f16 T=361 N=1280 K=2560 ldy=1280 beta=0 workspace=0
prefill gemm: Lt solution=2539 dtype=f16 T=361 N=2560 K=640 ldy=2560 beta=0 workspace=0
prefill gemm: Lt solution=2539 dtype=f16 T=493 N=1280 K=2560 ldy=1280 beta=0 workspace=0
prefill gemm: Lt solution=2539 dtype=f16 T=493 N=2560 K=640 ldy=2560 beta=0 workspace=0
prefill gemm: Lt solution=2539 dtype=f16 T=1069 N=1280 K=2560 ldy=1280 beta=0 workspace=0
prefill gemm: Lt solution=2539 dtype=f16 T=1069 N=2560 K=640 ldy=2560 beta=0 workspace=0
prefill gemm: Lt solution=2539 dtype=f16 T=955 N=1280 K=2560 ldy=1280 beta=0 workspace=0
prefill gemm: Lt solution=2539 dtype=f16 T=955 N=2560 K=640 ldy=2560 beta=0 workspace=0
prefill gemm: Lt solution=2539 dtype=f16 T=714 N=1280 K=2560 ldy=1280 beta=0 workspace=0
prefill gemm: Lt solution=2539 dtype=f16 T=714 N=2560 K=640 ldy=2560 beta=0 workspace=0
prefill gemm: Lt solution=2539 dtype=f16 T=1469 N=1280 K=2560 ldy=1280 beta=0 workspace=0
prefill gemm: Lt solution=2539 dtype=f16 T=1469 N=2560 K=640 ldy=2560 beta=0 workspace=0
prefill gemm: Lt solution=2539 dtype=f16 T=633 N=1280 K=2560 ldy=1280 beta=0 workspace=0
prefill gemm: Lt solution=2539 dtype=f16 T=633 N=2560 K=640 ldy=2560 beta=0 workspace=0
prefill gemm: Lt solution=2539 dtype=f16 T=740 N=1280 K=2560 ldy=1280 beta=0 workspace=0
prefill gemm: Lt solution=2539 dtype=f16 T=740 N=2560 K=640 ldy=2560 beta=0 workspace=0
prefill gemm: Lt solution=2539 dtype=f16 T=1170 N=1280 K=2560 ldy=1280 beta=0 workspace=0
prefill gemm: Lt solution=2539 dtype=f16 T=1170 N=2560 K=640 ldy=2560 beta=0 workspace=0
prefill gemm: Lt solution=2539 dtype=f16 T=1166 N=1280 K=2560 ldy=1280 beta=0 workspace=0
prefill gemm: Lt solution=2539 dtype=f16 T=1166 N=2560 K=640 ldy=2560 beta=0 workspace=0
prefill gemm: Lt solution=2539 dtype=f16 T=681 N=1280 K=2560 ldy=1280 beta=0 workspace=0
prefill gemm: Lt solution=2539 dtype=f16 T=681 N=2560 K=640 ldy=2560 beta=0 workspace=0
prefill gemm: Lt solution=2539 dtype=f16 T=748 N=1280 K=2560 ldy=1280 beta=0 workspace=0
prefill gemm: Lt solution=2539 dtype=f16 T=748 N=2560 K=640 ldy=2560 beta=0 workspace=0
prefill gemm: Lt solution=2539 dtype=f16 T=1157 N=1280 K=2560 ldy=1280 beta=0 workspace=0
prefill gemm: Lt solution=2539 dtype=f16 T=1157 N=2560 K=640 ldy=2560 beta=0 workspace=0
prefill gemm: Lt solution=2539 dtype=f16 T=850 N=1280 K=2560 ldy=1280 beta=0 workspace=0
prefill gemm: Lt solution=2539 dtype=f16 T=850 N=2560 K=640 ldy=2560 beta=0 workspace=0
prefill gemm: Lt solution=2539 dtype=f16 T=576 N=1280 K=2560 ldy=1280 beta=0 workspace=0
prefill gemm: Lt solution=2539 dtype=f16 T=576 N=2560 K=640 ldy=2560 beta=0 workspace=0
prefill gemm: Lt solution=2539 dtype=f16 T=893 N=1280 K=2560 ldy=1280 beta=0 workspace=0
prefill gemm: Lt solution=2539 dtype=f16 T=893 N=2560 K=640 ldy=2560 beta=0 workspace=0
prefill gemm: Lt solution=2539 dtype=f16 T=758 N=1280 K=2560 ldy=1280 beta=0 workspace=0
prefill gemm: Lt solution=2539 dtype=f16 T=758 N=2560 K=640 ldy=2560 beta=0 workspace=0
prefill gemm: Lt solution=2539 dtype=f16 T=1303 N=1280 K=2560 ldy=1280 beta=0 workspace=0
prefill gemm: Lt solution=2539 dtype=f16 T=1303 N=2560 K=640 ldy=2560 beta=0 workspace=0
prefill gemm: Lt solution=2539 dtype=f16 T=644 N=1280 K=2560 ldy=1280 beta=0 workspace=0
prefill gemm: Lt solution=2539 dtype=f16 T=644 N=2560 K=640 ldy=2560 beta=0 workspace=0
prefill gemm: Lt solution=2539 dtype=f16 T=1764 N=1280 K=2560 ldy=1280 beta=0 workspace=0
prefill gemm: Lt solution=2539 dtype=f16 T=1764 N=2560 K=640 ldy=2560 beta=0 workspace=0
prefill gemm: Lt solution=2539 dtype=f16 T=597 N=1280 K=2560 ldy=1280 beta=0 workspace=0
prefill gemm: Lt solution=2539 dtype=f16 T=597 N=2560 K=640 ldy=2560 beta=0 workspace=0
prefill gemm: Lt solution=2539 dtype=f16 T=467 N=1280 K=2560 ldy=1280 beta=0 workspace=0
prefill gemm: Lt solution=2539 dtype=f16 T=467 N=2560 K=640 ldy=2560 beta=0 workspace=0
prefill gemm: Lt solution=2539 dtype=f16 T=939 N=1280 K=2560 ldy=1280 beta=0 workspace=0
prefill gemm: Lt solution=2539 dtype=f16 T=939 N=2560 K=640 ldy=2560 beta=0 workspace=0
prefill gemm: Lt solution=2539 dtype=f16 T=619 N=1280 K=2560 ldy=1280 beta=0 workspace=0
prefill gemm: Lt solution=2539 dtype=f16 T=619 N=2560 K=640 ldy=2560 beta=0 workspace=0
prefill gemm: Lt solution=2539 dtype=f16 T=459 N=1280 K=2560 ldy=1280 beta=0 workspace=0
prefill gemm: Lt solution=2539 dtype=f16 T=459 N=2560 K=640 ldy=2560 beta=0 workspace=0
prefill gemm: Lt solution=2539 dtype=f16 T=646 N=1280 K=2560 ldy=1280 beta=0 workspace=0
prefill gemm: Lt solution=2539 dtype=f16 T=646 N=2560 K=640 ldy=2560 beta=0 workspace=0
prefill gemm: Lt solution=2539 dtype=f16 T=764 N=1280 K=2560 ldy=1280 beta=0 workspace=0
prefill gemm: Lt solution=2539 dtype=f16 T=764 N=2560 K=640 ldy=2560 beta=0 workspace=0
prefill gemm: Lt solution=2539 dtype=f16 T=725 N=1280 K=2560 ldy=1280 beta=0 workspace=0
prefill gemm: Lt solution=2539 dtype=f16 T=725 N=2560 K=640 ldy=2560 beta=0 workspace=0
prefill gemm: Lt solution=2539 dtype=f16 T=514 N=1280 K=2560 ldy=1280 beta=0 workspace=0
prefill gemm: Lt solution=2539 dtype=f16 T=514 N=2560 K=640 ldy=2560 beta=0 workspace=0
prefill gemm: Lt solution=2539 dtype=f16 T=861 N=1280 K=2560 ldy=1280 beta=0 workspace=0
prefill gemm: Lt solution=2539 dtype=f16 T=861 N=2560 K=640 ldy=2560 beta=0 workspace=0
prefill gemm: Lt solution=2539 dtype=f16 T=940 N=1280 K=2560 ldy=1280 beta=0 workspace=0
prefill gemm: Lt solution=2539 dtype=f16 T=940 N=2560 K=640 ldy=2560 beta=0 workspace=0
prefill gemm: Lt solution=2539 dtype=f16 T=995 N=1280 K=2560 ldy=1280 beta=0 workspace=0
prefill gemm: Lt solution=2539 dtype=f16 T=995 N=2560 K=640 ldy=2560 beta=0 workspace=0
prefill gemm: Lt solution=2539 dtype=f16 T=443 N=1280 K=2560 ldy=1280 beta=0 workspace=0
prefill gemm: Lt solution=2539 dtype=f16 T=443 N=2560 K=640 ldy=2560 beta=0 workspace=0
prefill gemm: Lt solution=2539 dtype=f16 T=992 N=1280 K=2560 ldy=1280 beta=0 workspace=0
prefill gemm: Lt solution=2539 dtype=f16 T=992 N=2560 K=640 ldy=2560 beta=0 workspace=0
prefill gemm: Lt solution=2539 dtype=f16 T=812 N=1280 K=2560 ldy=1280 beta=0 workspace=0
prefill gemm: Lt solution=2539 dtype=f16 T=812 N=2560 K=640 ldy=2560 beta=0 workspace=0
prefill gemm: Lt solution=2539 dtype=f16 T=534 N=1280 K=2560 ldy=1280 beta=0 workspace=0
prefill gemm: Lt solution=2539 dtype=f16 T=534 N=2560 K=640 ldy=2560 beta=0 workspace=0
prefill gemm: Lt solution=2539 dtype=f16 T=846 N=1280 K=2560 ldy=1280 beta=0 workspace=0
prefill gemm: Lt solution=2539 dtype=f16 T=846 N=2560 K=640 ldy=2560 beta=0 workspace=0
prefill gemm: Lt solution=2539 dtype=f16 T=420 N=1280 K=2560 ldy=1280 beta=0 workspace=0
prefill gemm: Lt solution=2539 dtype=f16 T=420 N=2560 K=640 ldy=2560 beta=0 workspace=0
prefill gemm: Lt solution=2539 dtype=f16 T=709 N=1280 K=2560 ldy=1280 beta=0 workspace=0
prefill gemm: Lt solution=2539 dtype=f16 T=709 N=2560 K=640 ldy=2560 beta=0 workspace=0
prefill gemm: Lt solution=2539 dtype=f16 T=885 N=1280 K=2560 ldy=1280 beta=0 workspace=0
prefill gemm: Lt solution=2539 dtype=f16 T=885 N=2560 K=640 ldy=2560 beta=0 workspace=0
prefill gemm: Lt solution=2539 dtype=f16 T=1066 N=1280 K=2560 ldy=1280 beta=0 workspace=0
prefill gemm: Lt solution=2539 dtype=f16 T=1066 N=2560 K=640 ldy=2560 beta=0 workspace=0
prefill gemm: Lt solution=2539 dtype=f16 T=971 N=1280 K=2560 ldy=1280 beta=0 workspace=0
prefill gemm: Lt solution=2539 dtype=f16 T=971 N=2560 K=640 ldy=2560 beta=0 workspace=0
prefill gemm: Lt solution=2539 dtype=f16 T=670 N=1280 K=2560 ldy=1280 beta=0 workspace=0
prefill gemm: Lt solution=2539 dtype=f16 T=670 N=2560 K=640 ldy=2560 beta=0 workspace=0
prefill gemm: Lt solution=2539 dtype=f16 T=894 N=1280 K=2560 ldy=1280 beta=0 workspace=0
prefill gemm: Lt solution=2539 dtype=f16 T=894 N=2560 K=640 ldy=2560 beta=0 workspace=0
prefill gemm: Lt solution=2539 dtype=f16 T=934 N=1280 K=2560 ldy=1280 beta=0 workspace=0
prefill gemm: Lt solution=2539 dtype=f16 T=934 N=2560 K=640 ldy=2560 beta=0 workspace=0
prefill gemm: Lt solution=2539 dtype=f16 T=1235 N=1280 K=2560 ldy=1280 beta=0 workspace=0
prefill gemm: Lt solution=2539 dtype=f16 T=1235 N=2560 K=640 ldy=2560 beta=0 workspace=0
prefill gemm: Lt solution=2539 dtype=f16 T=1256 N=1280 K=2560 ldy=1280 beta=0 workspace=0
prefill gemm: Lt solution=2539 dtype=f16 T=1256 N=2560 K=640 ldy=2560 beta=0 workspace=0
prefill gemm: Lt solution=2539 dtype=f16 T=1154 N=1280 K=2560 ldy=1280 beta=0 workspace=0
prefill gemm: Lt solution=2539 dtype=f16 T=1154 N=2560 K=640 ldy=2560 beta=0 workspace=0
prefill gemm: Lt solution=2539 dtype=f16 T=555 N=1280 K=2560 ldy=1280 beta=0 workspace=0
prefill gemm: Lt solution=2539 dtype=f16 T=555 N=2560 K=640 ldy=2560 beta=0 workspace=0
prefill gemm: Lt solution=2539 dtype=f16 T=659 N=1280 K=2560 ldy=1280 beta=0 workspace=0
prefill gemm: Lt solution=2539 dtype=f16 T=659 N=2560 K=640 ldy=2560 beta=0 workspace=0
prefill gemm: Lt solution=2539 dtype=f16 T=1629 N=1280 K=2560 ldy=1280 beta=0 workspace=0
prefill gemm: Lt solution=2539 dtype=f16 T=1629 N=2560 K=640 ldy=2560 beta=0 workspace=0
prefill gemm: Lt solution=2539 dtype=f16 T=606 N=1280 K=2560 ldy=1280 beta=0 workspace=0
prefill gemm: Lt solution=2539 dtype=f16 T=606 N=2560 K=640 ldy=2560 beta=0 workspace=0
prefill gemm: Lt solution=2539 dtype=f16 T=751 N=1280 K=2560 ldy=1280 beta=0 workspace=0
prefill gemm: Lt solution=2539 dtype=f16 T=751 N=2560 K=640 ldy=2560 beta=0 workspace=0
prefill gemm: Lt solution=2539 dtype=f16 T=702 N=1280 K=2560 ldy=1280 beta=0 workspace=0
prefill gemm: Lt solution=2539 dtype=f16 T=702 N=2560 K=640 ldy=2560 beta=0 workspace=0
prefill gemm: Lt solution=2539 dtype=f16 T=878 N=1280 K=2560 ldy=1280 beta=0 workspace=0
prefill gemm: Lt solution=2539 dtype=f16 T=878 N=2560 K=640 ldy=2560 beta=0 workspace=0
prefill gemm: Lt solution=2539 dtype=f16 T=887 N=1280 K=2560 ldy=1280 beta=0 workspace=0
prefill gemm: Lt solution=2539 dtype=f16 T=887 N=2560 K=640 ldy=2560 beta=0 workspace=0
prefill gemm: Lt solution=2539 dtype=f16 T=823 N=1280 K=2560 ldy=1280 beta=0 workspace=0
prefill gemm: Lt solution=2539 dtype=f16 T=823 N=2560 K=640 ldy=2560 beta=0 workspace=0
prefill gemm: Lt solution=2539 dtype=f16 T=1223 N=1280 K=2560 ldy=1280 beta=0 workspace=0
prefill gemm: Lt solution=2539 dtype=f16 T=1223 N=2560 K=640 ldy=2560 beta=0 workspace=0
prefill gemm: Lt solution=2539 dtype=f16 T=703 N=1280 K=2560 ldy=1280 beta=0 workspace=0
prefill gemm: Lt solution=2539 dtype=f16 T=703 N=2560 K=640 ldy=2560 beta=0 workspace=0
prefill gemm: Lt solution=2539 dtype=f16 T=678 N=1280 K=2560 ldy=1280 beta=0 workspace=0
prefill gemm: Lt solution=2539 dtype=f16 T=678 N=2560 K=640 ldy=2560 beta=0 workspace=0
prefill gemm: Lt solution=2539 dtype=f16 T=808 N=1280 K=2560 ldy=1280 beta=0 workspace=0
prefill gemm: Lt solution=2539 dtype=f16 T=808 N=2560 K=640 ldy=2560 beta=0 workspace=0
prefill gemm: Lt solution=2539 dtype=f16 T=1070 N=1280 K=2560 ldy=1280 beta=0 workspace=0
prefill gemm: Lt solution=2539 dtype=f16 T=1070 N=2560 K=640 ldy=2560 beta=0 workspace=0
prefill gemm: Lt solution=2539 dtype=f16 T=815 N=1280 K=2560 ldy=1280 beta=0 workspace=0
prefill gemm: Lt solution=2539 dtype=f16 T=815 N=2560 K=640 ldy=2560 beta=0 workspace=0
prefill gemm: Lt solution=2539 dtype=f16 T=625 N=1280 K=2560 ldy=1280 beta=0 workspace=0
prefill gemm: Lt solution=2539 dtype=f16 T=625 N=2560 K=640 ldy=2560 beta=0 workspace=0
prefill gemm: Lt solution=2539 dtype=f16 T=667 N=1280 K=2560 ldy=1280 beta=0 workspace=0
prefill gemm: Lt solution=2539 dtype=f16 T=667 N=2560 K=640 ldy=2560 beta=0 workspace=0
prefill gemm: Lt solution=2539 dtype=f16 T=771 N=1280 K=2560 ldy=1280 beta=0 workspace=0
prefill gemm: Lt solution=2539 dtype=f16 T=771 N=2560 K=640 ldy=2560 beta=0 workspace=0
prefill gemm: Lt solution=2539 dtype=f16 T=925 N=1280 K=2560 ldy=1280 beta=0 workspace=0
prefill gemm: Lt solution=2539 dtype=f16 T=925 N=2560 K=640 ldy=2560 beta=0 workspace=0
prefill gemm: Lt solution=2539 dtype=f16 T=804 N=1280 K=2560 ldy=1280 beta=0 workspace=0
prefill gemm: Lt solution=2539 dtype=f16 T=804 N=2560 K=640 ldy=2560 beta=0 workspace=0
prefill gemm: Lt solution=2539 dtype=f16 T=968 N=1280 K=2560 ldy=1280 beta=0 workspace=0
prefill gemm: Lt solution=2539 dtype=f16 T=968 N=2560 K=640 ldy=2560 beta=0 workspace=0
prefill gemm: Lt solution=2539 dtype=f16 T=784 N=1280 K=2560 ldy=1280 beta=0 workspace=0
prefill gemm: Lt solution=2539 dtype=f16 T=784 N=2560 K=640 ldy=2560 beta=0 workspace=0
prefill gemm: Lt solution=2539 dtype=f16 T=365 N=1280 K=2560 ldy=1280 beta=0 workspace=0
prefill gemm: Lt solution=2539 dtype=f16 T=365 N=2560 K=640 ldy=2560 beta=0 workspace=0
prefill gemm: Lt solution=2539 dtype=f16 T=900 N=1280 K=2560 ldy=1280 beta=0 workspace=0
prefill gemm: Lt solution=2539 dtype=f16 T=900 N=2560 K=640 ldy=2560 beta=0 workspace=0
prefill gemm: Lt solution=2539 dtype=f16 T=704 N=1280 K=2560 ldy=1280 beta=0 workspace=0
prefill gemm: Lt solution=2539 dtype=f16 T=704 N=2560 K=640 ldy=2560 beta=0 workspace=0
prefill gemm: Lt solution=2539 dtype=f16 T=750 N=1280 K=2560 ldy=1280 beta=0 workspace=0
prefill gemm: Lt solution=2539 dtype=f16 T=750 N=2560 K=640 ldy=2560 beta=0 workspace=0
prefill gemm: Lt solution=2539 dtype=f16 T=325 N=1280 K=2560 ldy=1280 beta=0 workspace=0
prefill gemm: Lt solution=2539 dtype=f16 T=325 N=2560 K=640 ldy=2560 beta=0 workspace=0
prefill gemm: Lt solution=2539 dtype=f16 T=822 N=1280 K=2560 ldy=1280 beta=0 workspace=0
prefill gemm: Lt solution=2539 dtype=f16 T=822 N=2560 K=640 ldy=2560 beta=0 workspace=0
prefill gemm: Lt solution=2539 dtype=f16 T=1973 N=1280 K=2560 ldy=1280 beta=0 workspace=0
prefill gemm: Lt solution=2539 dtype=f16 T=1973 N=2560 K=640 ldy=2560 beta=0 workspace=0
prefill gemm: Lt solution=2539 dtype=f16 T=949 N=1280 K=2560 ldy=1280 beta=0 workspace=0
prefill gemm: Lt solution=2539 dtype=f16 T=949 N=2560 K=640 ldy=2560 beta=0 workspace=0
prefill gemm: Lt solution=2539 dtype=f16 T=777 N=1280 K=2560 ldy=1280 beta=0 workspace=0
prefill gemm: Lt solution=2539 dtype=f16 T=777 N=2560 K=640 ldy=2560 beta=0 workspace=0
prefill gemm: Lt solution=2539 dtype=f16 T=490 N=1280 K=2560 ldy=1280 beta=0 workspace=0
prefill gemm: Lt solution=2539 dtype=f16 T=490 N=2560 K=640 ldy=2560 beta=0 workspace=0
prefill gemm: Lt solution=2539 dtype=f16 T=1211 N=1280 K=2560 ldy=1280 beta=0 workspace=0
prefill gemm: Lt solution=2539 dtype=f16 T=1211 N=2560 K=640 ldy=2560 beta=0 workspace=0
prefill gemm: Lt solution=2539 dtype=f16 T=739 N=1280 K=2560 ldy=1280 beta=0 workspace=0
prefill gemm: Lt solution=2539 dtype=f16 T=739 N=2560 K=640 ldy=2560 beta=0 workspace=0
prefill gemm: Lt solution=2539 dtype=f16 T=674 N=1280 K=2560 ldy=1280 beta=0 workspace=0
prefill gemm: Lt solution=2539 dtype=f16 T=674 N=2560 K=640 ldy=2560 beta=0 workspace=0
prefill gemm: Lt solution=2539 dtype=f16 T=712 N=1280 K=2560 ldy=1280 beta=0 workspace=0
prefill gemm: Lt solution=2539 dtype=f16 T=712 N=2560 K=640 ldy=2560 beta=0 workspace=0
prefill gemm: Lt solution=2539 dtype=f16 T=884 N=1280 K=2560 ldy=1280 beta=0 workspace=0
prefill gemm: Lt solution=2539 dtype=f16 T=884 N=2560 K=640 ldy=2560 beta=0 workspace=0
prefill gemm: Lt solution=2539 dtype=f16 T=719 N=1280 K=2560 ldy=1280 beta=0 workspace=0
prefill gemm: Lt solution=2539 dtype=f16 T=719 N=2560 K=640 ldy=2560 beta=0 workspace=0
prefill gemm: Lt solution=2539 dtype=f16 T=733 N=1280 K=2560 ldy=1280 beta=0 workspace=0
prefill gemm: Lt solution=2539 dtype=f16 T=733 N=2560 K=640 ldy=2560 beta=0 workspace=0
prefill gemm: Lt solution=2539 dtype=f16 T=1021 N=1280 K=2560 ldy=1280 beta=0 workspace=0
prefill gemm: Lt solution=2539 dtype=f16 T=1021 N=2560 K=640 ldy=2560 beta=0 workspace=0
prefill gemm: Lt solution=2539 dtype=f16 T=1593 N=1280 K=2560 ldy=1280 beta=0 workspace=0
prefill gemm: Lt solution=2539 dtype=f16 T=1593 N=2560 K=640 ldy=2560 beta=0 workspace=0
prefill gemm: Lt solution=2539 dtype=f16 T=384 N=1280 K=2560 ldy=1280 beta=0 workspace=0
prefill gemm: Lt solution=2539 dtype=f16 T=384 N=2560 K=640 ldy=2560 beta=0 workspace=0
prefill gemm: Lt solution=2539 dtype=f16 T=462 N=1280 K=2560 ldy=1280 beta=0 workspace=0
prefill gemm: Lt solution=2539 dtype=f16 T=462 N=2560 K=640 ldy=2560 beta=0 workspace=0
prefill gemm: Lt solution=2539 dtype=f16 T=511 N=1280 K=2560 ldy=1280 beta=0 workspace=0
prefill gemm: Lt solution=2539 dtype=f16 T=511 N=2560 K=640 ldy=2560 beta=0 workspace=0
prefill gemm: Lt solution=2539 dtype=f16 T=747 N=1280 K=2560 ldy=1280 beta=0 workspace=0
prefill gemm: Lt solution=2539 dtype=f16 T=747 N=2560 K=640 ldy=2560 beta=0 workspace=0
prefill gemm: Lt solution=2539 dtype=f16 T=692 N=1280 K=2560 ldy=1280 beta=0 workspace=0
prefill gemm: Lt solution=2539 dtype=f16 T=692 N=2560 K=640 ldy=2560 beta=0 workspace=0
prefill gemm: Lt solution=2539 dtype=f16 T=779 N=1280 K=2560 ldy=1280 beta=0 workspace=0
prefill gemm: Lt solution=2539 dtype=f16 T=779 N=2560 K=640 ldy=2560 beta=0 workspace=0
prefill gemm: Lt solution=2539 dtype=f16 T=1827 N=1280 K=2560 ldy=1280 beta=0 workspace=0
prefill gemm: Lt solution=2539 dtype=f16 T=1827 N=2560 K=640 ldy=2560 beta=0 workspace=0
prefill gemm: Lt solution=2539 dtype=f16 T=658 N=1280 K=2560 ldy=1280 beta=0 workspace=0
prefill gemm: Lt solution=2539 dtype=f16 T=658 N=2560 K=640 ldy=2560 beta=0 workspace=0
prefill gemm: Lt solution=2539 dtype=f16 T=1648 N=1280 K=2560 ldy=1280 beta=0 workspace=0
prefill gemm: Lt solution=2539 dtype=f16 T=1648 N=2560 K=640 ldy=2560 beta=0 workspace=0
prefill gemm: Lt solution=2539 dtype=f16 T=684 N=1280 K=2560 ldy=1280 beta=0 workspace=0
prefill gemm: Lt solution=2539 dtype=f16 T=684 N=2560 K=640 ldy=2560 beta=0 workspace=0
prefill gemm: Lt solution=2539 dtype=f16 T=824 N=1280 K=2560 ldy=1280 beta=0 workspace=0
prefill gemm: Lt solution=2539 dtype=f16 T=824 N=2560 K=640 ldy=2560 beta=0 workspace=0
prefill gemm: Lt solution=2539 dtype=f16 T=439 N=1280 K=2560 ldy=1280 beta=0 workspace=0
prefill gemm: Lt solution=2539 dtype=f16 T=439 N=2560 K=640 ldy=2560 beta=0 workspace=0
prefill gemm: Lt solution=2539 dtype=f16 T=567 N=1280 K=2560 ldy=1280 beta=0 workspace=0
prefill gemm: Lt solution=2539 dtype=f16 T=567 N=2560 K=640 ldy=2560 beta=0 workspace=0
prefill gemm: Lt solution=2539 dtype=f16 T=1237 N=1280 K=2560 ldy=1280 beta=0 workspace=0
prefill gemm: Lt solution=2539 dtype=f16 T=1237 N=2560 K=640 ldy=2560 beta=0 workspace=0
prefill gemm: Lt solution=2539 dtype=f16 T=718 N=1280 K=2560 ldy=1280 beta=0 workspace=0
prefill gemm: Lt solution=2539 dtype=f16 T=718 N=2560 K=640 ldy=2560 beta=0 workspace=0
prefill gemm: Lt solution=2539 dtype=f16 T=496 N=1280 K=2560 ldy=1280 beta=0 workspace=0
prefill gemm: Lt solution=2539 dtype=f16 T=496 N=2560 K=640 ldy=2560 beta=0 workspace=0
prefill gemm: Lt solution=2539 dtype=f16 T=1046 N=1280 K=2560 ldy=1280 beta=0 workspace=0
prefill gemm: Lt solution=2539 dtype=f16 T=1046 N=2560 K=640 ldy=2560 beta=0 workspace=0
prefill gemm: Lt solution=2539 dtype=f16 T=1510 N=1280 K=2560 ldy=1280 beta=0 workspace=0
prefill gemm: Lt solution=2539 dtype=f16 T=1510 N=2560 K=640 ldy=2560 beta=0 workspace=0
prefill gemm: Lt solution=2539 dtype=f16 T=1155 N=1280 K=2560 ldy=1280 beta=0 workspace=0
prefill gemm: Lt solution=2539 dtype=f16 T=1155 N=2560 K=640 ldy=2560 beta=0 workspace=0
prefill gemm: Lt solution=2539 dtype=f16 T=1445 N=1280 K=2560 ldy=1280 beta=0 workspace=0
prefill gemm: Lt solution=2539 dtype=f16 T=1445 N=2560 K=640 ldy=2560 beta=0 workspace=0
prefill gemm: Lt solution=2539 dtype=f16 T=1955 N=1280 K=2560 ldy=1280 beta=0 workspace=0
prefill gemm: Lt solution=2539 dtype=f16 T=1955 N=2560 K=640 ldy=2560 beta=0 workspace=0
prefill gemm: Lt solution=2539 dtype=f16 T=800 N=1280 K=2560 ldy=1280 beta=0 workspace=0
prefill gemm: Lt solution=2539 dtype=f16 T=800 N=2560 K=640 ldy=2560 beta=0 workspace=0
prefill gemm: Lt solution=2539 dtype=f16 T=1323 N=1280 K=2560 ldy=1280 beta=0 workspace=0
prefill gemm: Lt solution=2539 dtype=f16 T=1323 N=2560 K=640 ldy=2560 beta=0 workspace=0
prefill gemm: Lt solution=2539 dtype=f16 T=469 N=1280 K=2560 ldy=1280 beta=0 workspace=0
prefill gemm: Lt solution=2539 dtype=f16 T=469 N=2560 K=640 ldy=2560 beta=0 workspace=0
prefill gemm: Lt solution=2539 dtype=f16 T=1461 N=1280 K=2560 ldy=1280 beta=0 workspace=0
prefill gemm: Lt solution=2539 dtype=f16 T=1461 N=2560 K=640 ldy=2560 beta=0 workspace=0
prefill gemm: Lt solution=2539 dtype=f16 T=1047 N=1280 K=2560 ldy=1280 beta=0 workspace=0
prefill gemm: Lt solution=2539 dtype=f16 T=1047 N=2560 K=640 ldy=2560 beta=0 workspace=0
prefill gemm: Lt solution=2539 dtype=f16 T=1380 N=1280 K=2560 ldy=1280 beta=0 workspace=0
prefill gemm: Lt solution=2539 dtype=f16 T=1380 N=2560 K=640 ldy=2560 beta=0 workspace=0
prefill gemm: Lt solution=2539 dtype=f16 T=1952 N=1280 K=2560 ldy=1280 beta=0 workspace=0
prefill gemm: Lt solution=2539 dtype=f16 T=1952 N=2560 K=640 ldy=2560 beta=0 workspace=0
prefill gemm: Lt solution=2539 dtype=f16 T=788 N=1280 K=2560 ldy=1280 beta=0 workspace=0
prefill gemm: Lt solution=2539 dtype=f16 T=788 N=2560 K=640 ldy=2560 beta=0 workspace=0
prefill gemm: Lt solution=2539 dtype=f16 T=1097 N=1280 K=2560 ldy=1280 beta=0 workspace=0
prefill gemm: Lt solution=2539 dtype=f16 T=1097 N=2560 K=640 ldy=2560 beta=0 workspace=0
prefill gemm: Lt solution=2539 dtype=f16 T=755 N=1280 K=2560 ldy=1280 beta=0 workspace=0
prefill gemm: Lt solution=2539 dtype=f16 T=755 N=2560 K=640 ldy=2560 beta=0 workspace=0
prefill gemm: Lt solution=2539 dtype=f16 T=1349 N=1280 K=2560 ldy=1280 beta=0 workspace=0
prefill gemm: Lt solution=2539 dtype=f16 T=1349 N=2560 K=640 ldy=2560 beta=0 workspace=0
prefill gemm: Lt solution=2539 dtype=f16 T=797 N=1280 K=2560 ldy=1280 beta=0 workspace=0
prefill gemm: Lt solution=2539 dtype=f16 T=797 N=2560 K=640 ldy=2560 beta=0 workspace=0
prefill gemm: Lt solution=2539 dtype=f16 T=854 N=1280 K=2560 ldy=1280 beta=0 workspace=0
prefill gemm: Lt solution=2539 dtype=f16 T=854 N=2560 K=640 ldy=2560 beta=0 workspace=0
prefill gemm: Lt solution=2539 dtype=f16 T=1604 N=1280 K=2560 ldy=1280 beta=0 workspace=0
prefill gemm: Lt solution=2539 dtype=f16 T=1604 N=2560 K=640 ldy=2560 beta=0 workspace=0
prefill gemm: Lt solution=2539 dtype=f16 T=697 N=1280 K=2560 ldy=1280 beta=0 workspace=0
prefill gemm: Lt solution=2539 dtype=f16 T=697 N=2560 K=640 ldy=2560 beta=0 workspace=0
prefill gemm: Lt solution=2539 dtype=f16 T=880 N=1280 K=2560 ldy=1280 beta=0 workspace=0
prefill gemm: Lt solution=2539 dtype=f16 T=880 N=2560 K=640 ldy=2560 beta=0 workspace=0
prefill gemm: Lt solution=2539 dtype=f16 T=1290 N=1280 K=2560 ldy=1280 beta=0 workspace=0
prefill gemm: Lt solution=2539 dtype=f16 T=1290 N=2560 K=640 ldy=2560 beta=0 workspace=0
prefill gemm: Lt solution=2539 dtype=f16 T=607 N=1280 K=2560 ldy=1280 beta=0 workspace=0
prefill gemm: Lt solution=2539 dtype=f16 T=607 N=2560 K=640 ldy=2560 beta=0 workspace=0
prefill gemm: Lt solution=2539 dtype=f16 T=699 N=1280 K=2560 ldy=1280 beta=0 workspace=0
prefill gemm: Lt solution=2539 dtype=f16 T=699 N=2560 K=640 ldy=2560 beta=0 workspace=0
prefill gemm: Lt solution=2539 dtype=f16 T=1236 N=1280 K=2560 ldy=1280 beta=0 workspace=0
prefill gemm: Lt solution=2539 dtype=f16 T=1236 N=2560 K=640 ldy=2560 beta=0 workspace=0
prefill gemm: Lt solution=2539 dtype=f16 T=1106 N=1280 K=2560 ldy=1280 beta=0 workspace=0
prefill gemm: Lt solution=2539 dtype=f16 T=1106 N=2560 K=640 ldy=2560 beta=0 workspace=0
prefill gemm: Lt solution=2539 dtype=f16 T=974 N=1280 K=2560 ldy=1280 beta=0 workspace=0
prefill gemm: Lt solution=2539 dtype=f16 T=974 N=2560 K=640 ldy=2560 beta=0 workspace=0
prefill gemm: Lt solution=2539 dtype=f16 T=1055 N=1280 K=2560 ldy=1280 beta=0 workspace=0
prefill gemm: Lt solution=2539 dtype=f16 T=1055 N=2560 K=640 ldy=2560 beta=0 workspace=0
prefill gemm: Lt solution=2539 dtype=f16 T=1109 N=1280 K=2560 ldy=1280 beta=0 workspace=0
prefill gemm: Lt solution=2539 dtype=f16 T=1109 N=2560 K=640 ldy=2560 beta=0 workspace=0
prefill gemm: Lt solution=2539 dtype=f16 T=958 N=1280 K=2560 ldy=1280 beta=0 workspace=0
prefill gemm: Lt solution=2539 dtype=f16 T=958 N=2560 K=640 ldy=2560 beta=0 workspace=0
prefill gemm: Lt solution=2539 dtype=f16 T=741 N=1280 K=2560 ldy=1280 beta=0 workspace=0
prefill gemm: Lt solution=2539 dtype=f16 T=741 N=2560 K=640 ldy=2560 beta=0 workspace=0
prefill gemm: Lt solution=2539 dtype=f16 T=1244 N=1280 K=2560 ldy=1280 beta=0 workspace=0
prefill gemm: Lt solution=2539 dtype=f16 T=1244 N=2560 K=640 ldy=2560 beta=0 workspace=0
prefill gemm: Lt solution=2539 dtype=f16 T=1749 N=1280 K=2560 ldy=1280 beta=0 workspace=0
prefill gemm: Lt solution=2539 dtype=f16 T=1749 N=2560 K=640 ldy=2560 beta=0 workspace=0
prefill gemm: Lt solution=2539 dtype=f16 T=691 N=1280 K=2560 ldy=1280 beta=0 workspace=0
prefill gemm: Lt solution=2539 dtype=f16 T=691 N=2560 K=640 ldy=2560 beta=0 workspace=0
prefill gemm: Lt solution=2539 dtype=f16 T=935 N=1280 K=2560 ldy=1280 beta=0 workspace=0
prefill gemm: Lt solution=2539 dtype=f16 T=935 N=2560 K=640 ldy=2560 beta=0 workspace=0
prefill gemm: Lt solution=2539 dtype=f16 T=682 N=1280 K=2560 ldy=1280 beta=0 workspace=0
prefill gemm: Lt solution=2539 dtype=f16 T=682 N=2560 K=640 ldy=2560 beta=0 workspace=0
prefill gemm: Lt solution=2539 dtype=f16 T=1605 N=1280 K=2560 ldy=1280 beta=0 workspace=0
prefill gemm: Lt solution=2539 dtype=f16 T=1605 N=2560 K=640 ldy=2560 beta=0 workspace=0
prefill gemm: Lt solution=2539 dtype=f16 T=489 N=1280 K=2560 ldy=1280 beta=0 workspace=0
prefill gemm: Lt solution=2539 dtype=f16 T=489 N=2560 K=640 ldy=2560 beta=0 workspace=0
prefill gemm: Lt solution=2539 dtype=f16 T=1766 N=1280 K=2560 ldy=1280 beta=0 workspace=0
prefill gemm: Lt solution=2539 dtype=f16 T=1766 N=2560 K=640 ldy=2560 beta=0 workspace=0
prefill gemm: Lt solution=2539 dtype=f16 T=1205 N=1280 K=2560 ldy=1280 beta=0 workspace=0
prefill gemm: Lt solution=2539 dtype=f16 T=1205 N=2560 K=640 ldy=2560 beta=0 workspace=0
prefill gemm: Lt solution=2539 dtype=f16 T=1785 N=1280 K=2560 ldy=1280 beta=0 workspace=0
prefill gemm: Lt solution=2539 dtype=f16 T=1785 N=2560 K=640 ldy=2560 beta=0 workspace=0
prefill gemm: Lt solution=2539 dtype=f16 T=656 N=1280 K=2560 ldy=1280 beta=0 workspace=0
prefill gemm: Lt solution=2539 dtype=f16 T=656 N=2560 K=640 ldy=2560 beta=0 workspace=0
prefill gemm: Lt solution=2539 dtype=f16 T=1149 N=1280 K=2560 ldy=1280 beta=0 workspace=0
prefill gemm: Lt solution=2539 dtype=f16 T=1149 N=2560 K=640 ldy=2560 beta=0 workspace=0
prefill gemm: Lt solution=2539 dtype=f16 T=664 N=1280 K=2560 ldy=1280 beta=0 workspace=0
prefill gemm: Lt solution=2539 dtype=f16 T=664 N=2560 K=640 ldy=2560 beta=0 workspace=0
prefill gemm: Lt solution=2539 dtype=f16 T=1279 N=1280 K=2560 ldy=1280 beta=0 workspace=0
prefill gemm: Lt solution=2539 dtype=f16 T=1279 N=2560 K=640 ldy=2560 beta=0 workspace=0
prefill gemm: Lt solution=2539 dtype=f16 T=849 N=1280 K=2560 ldy=1280 beta=0 workspace=0
prefill gemm: Lt solution=2539 dtype=f16 T=849 N=2560 K=640 ldy=2560 beta=0 workspace=0
prefill gemm: Lt solution=2539 dtype=f16 T=738 N=1280 K=2560 ldy=1280 beta=0 workspace=0
prefill gemm: Lt solution=2539 dtype=f16 T=738 N=2560 K=640 ldy=2560 beta=0 workspace=0
prefill gemm: Lt solution=2539 dtype=f16 T=1471 N=1280 K=2560 ldy=1280 beta=0 workspace=0
prefill gemm: Lt solution=2539 dtype=f16 T=1471 N=2560 K=640 ldy=2560 beta=0 workspace=0
prefill gemm: Lt solution=2539 dtype=f16 T=1930 N=1280 K=2560 ldy=1280 beta=0 workspace=0
prefill gemm: Lt solution=2539 dtype=f16 T=1930 N=2560 K=640 ldy=2560 beta=0 workspace=0
prefill gemm: Lt solution=2539 dtype=f16 T=626 N=1280 K=2560 ldy=1280 beta=0 workspace=0
prefill gemm: Lt solution=2539 dtype=f16 T=626 N=2560 K=640 ldy=2560 beta=0 workspace=0
prefill gemm: Lt solution=2539 dtype=f16 T=1168 N=1280 K=2560 ldy=1280 beta=0 workspace=0
prefill gemm: Lt solution=2539 dtype=f16 T=1168 N=2560 K=640 ldy=2560 beta=0 workspace=0
prefill gemm: Lt solution=2539 dtype=f16 T=1410 N=1280 K=2560 ldy=1280 beta=0 workspace=0
prefill gemm: Lt solution=2539 dtype=f16 T=1410 N=2560 K=640 ldy=2560 beta=0 workspace=0
prefill gemm: Lt solution=2539 dtype=f16 T=726 N=1280 K=2560 ldy=1280 beta=0 workspace=0
prefill gemm: Lt solution=2539 dtype=f16 T=726 N=2560 K=640 ldy=2560 beta=0 workspace=0
prefill gemm: Lt solution=2539 dtype=f16 T=1803 N=1280 K=2560 ldy=1280 beta=0 workspace=0
prefill gemm: Lt solution=2539 dtype=f16 T=1803 N=2560 K=640 ldy=2560 beta=0 workspace=0
prefill gemm: Lt solution=2539 dtype=f16 T=581 N=1280 K=2560 ldy=1280 beta=0 workspace=0
prefill gemm: Lt solution=2539 dtype=f16 T=581 N=2560 K=640 ldy=2560 beta=0 workspace=0
prefill gemm: Lt solution=2539 dtype=f16 T=924 N=1280 K=2560 ldy=1280 beta=0 workspace=0
prefill gemm: Lt solution=2539 dtype=f16 T=924 N=2560 K=640 ldy=2560 beta=0 workspace=0
prefill gemm: Lt solution=2539 dtype=f16 T=1130 N=1280 K=2560 ldy=1280 beta=0 workspace=0
prefill gemm: Lt solution=2539 dtype=f16 T=1130 N=2560 K=640 ldy=2560 beta=0 workspace=0
prefill gemm: Lt solution=2539 dtype=f16 T=972 N=1280 K=2560 ldy=1280 beta=0 workspace=0
prefill gemm: Lt solution=2539 dtype=f16 T=972 N=2560 K=640 ldy=2560 beta=0 workspace=0
prefill gemm: Lt solution=2539 dtype=f16 T=863 N=1280 K=2560 ldy=1280 beta=0 workspace=0
prefill gemm: Lt solution=2539 dtype=f16 T=863 N=2560 K=640 ldy=2560 beta=0 workspace=0
prefill gemm: Lt solution=2539 dtype=f16 T=1286 N=1280 K=2560 ldy=1280 beta=0 workspace=0
prefill gemm: Lt solution=2539 dtype=f16 T=1286 N=2560 K=640 ldy=2560 beta=0 workspace=0
prefill gemm: Lt solution=2539 dtype=f16 T=1458 N=1280 K=2560 ldy=1280 beta=0 workspace=0
prefill gemm: Lt solution=2539 dtype=f16 T=1458 N=2560 K=640 ldy=2560 beta=0 workspace=0
prefill gemm: Lt solution=2539 dtype=f16 T=1858 N=1280 K=2560 ldy=1280 beta=0 workspace=0
prefill gemm: Lt solution=2539 dtype=f16 T=1858 N=2560 K=640 ldy=2560 beta=0 workspace=0
prefill gemm: Lt solution=2539 dtype=f16 T=944 N=1280 K=2560 ldy=1280 beta=0 workspace=0
prefill gemm: Lt solution=2539 dtype=f16 T=944 N=2560 K=640 ldy=2560 beta=0 workspace=0
prefill gemm: Lt solution=2539 dtype=f16 T=1085 N=1280 K=2560 ldy=1280 beta=0 workspace=0
prefill gemm: Lt solution=2539 dtype=f16 T=1085 N=2560 K=640 ldy=2560 beta=0 workspace=0
prefill gemm: Lt solution=2539 dtype=f16 T=1001 N=1280 K=2560 ldy=1280 beta=0 workspace=0
prefill gemm: Lt solution=2539 dtype=f16 T=1001 N=2560 K=640 ldy=2560 beta=0 workspace=0
prefill gemm: Lt solution=2539 dtype=f16 T=1406 N=1280 K=2560 ldy=1280 beta=0 workspace=0
prefill gemm: Lt solution=2539 dtype=f16 T=1406 N=2560 K=640 ldy=2560 beta=0 workspace=0
prefill gemm: Lt solution=2539 dtype=f16 T=1622 N=1280 K=2560 ldy=1280 beta=0 workspace=0
prefill gemm: Lt solution=2539 dtype=f16 T=1622 N=2560 K=640 ldy=2560 beta=0 workspace=0
prefill gemm: Lt solution=2539 dtype=f16 T=1432 N=1280 K=2560 ldy=1280 beta=0 workspace=0
prefill gemm: Lt solution=2539 dtype=f16 T=1432 N=2560 K=640 ldy=2560 beta=0 workspace=0
prefill gemm: Lt solution=2539 dtype=f16 T=915 N=1280 K=2560 ldy=1280 beta=0 workspace=0
prefill gemm: Lt solution=2539 dtype=f16 T=915 N=2560 K=640 ldy=2560 beta=0 workspace=0
prefill gemm: Lt solution=2539 dtype=f16 T=876 N=1280 K=2560 ldy=1280 beta=0 workspace=0
prefill gemm: Lt solution=2539 dtype=f16 T=876 N=2560 K=640 ldy=2560 beta=0 workspace=0
prefill gemm: Lt solution=2539 dtype=f16 T=1088 N=1280 K=2560 ldy=1280 beta=0 workspace=0
prefill gemm: Lt solution=2539 dtype=f16 T=1088 N=2560 K=640 ldy=2560 beta=0 workspace=0
prefill gemm: Lt solution=2539 dtype=f16 T=911 N=1280 K=2560 ldy=1280 beta=0 workspace=0
prefill gemm: Lt solution=2539 dtype=f16 T=911 N=2560 K=640 ldy=2560 beta=0 workspace=0
prefill gemm: Lt solution=2539 dtype=f16 T=997 N=1280 K=2560 ldy=1280 beta=0 workspace=0
prefill gemm: Lt solution=2539 dtype=f16 T=997 N=2560 K=640 ldy=2560 beta=0 workspace=0
prefill gemm: Lt solution=2539 dtype=f16 T=1126 N=1280 K=2560 ldy=1280 beta=0 workspace=0
prefill gemm: Lt solution=2539 dtype=f16 T=1126 N=2560 K=640 ldy=2560 beta=0 workspace=0
prefill gemm: Lt solution=2539 dtype=f16 T=1093 N=1280 K=2560 ldy=1280 beta=0 workspace=0
prefill gemm: Lt solution=2539 dtype=f16 T=1093 N=2560 K=640 ldy=2560 beta=0 workspace=0
prefill gemm: Lt solution=2539 dtype=f16 T=2260 N=1280 K=2560 ldy=1280 beta=0 workspace=0
prefill gemm: Lt solution=2539 dtype=f16 T=2260 N=2560 K=640 ldy=2560 beta=0 workspace=0
prefill gemm: Lt solution=2539 dtype=f16 T=1048 N=1280 K=2560 ldy=1280 beta=0 workspace=0
prefill gemm: Lt solution=2539 dtype=f16 T=1048 N=2560 K=640 ldy=2560 beta=0 workspace=0
prefill gemm: Lt solution=2539 dtype=f16 T=1385 N=1280 K=2560 ldy=1280 beta=0 workspace=0
prefill gemm: Lt solution=2539 dtype=f16 T=1385 N=2560 K=640 ldy=2560 beta=0 workspace=0
prefill gemm: Lt solution=2539 dtype=f16 T=710 N=1280 K=2560 ldy=1280 beta=0 workspace=0
prefill gemm: Lt solution=2539 dtype=f16 T=710 N=2560 K=640 ldy=2560 beta=0 workspace=0
prefill gemm: Lt solution=2539 dtype=f16 T=549 N=1280 K=2560 ldy=1280 beta=0 workspace=0
prefill gemm: Lt solution=2539 dtype=f16 T=549 N=2560 K=640 ldy=2560 beta=0 workspace=0
prefill gemm: Lt solution=2539 dtype=f16 T=1517 N=1280 K=2560 ldy=1280 beta=0 workspace=0
prefill gemm: Lt solution=2539 dtype=f16 T=1517 N=2560 K=640 ldy=2560 beta=0 workspace=0
prefill gemm: Lt solution=2539 dtype=f16 T=1890 N=1280 K=2560 ldy=1280 beta=0 workspace=0
prefill gemm: Lt solution=2539 dtype=f16 T=1890 N=2560 K=640 ldy=2560 beta=0 workspace=0
prefill gemm: Lt solution=2539 dtype=f16 T=1879 N=1280 K=2560 ldy=1280 beta=0 workspace=0
prefill gemm: Lt solution=2539 dtype=f16 T=1879 N=2560 K=640 ldy=2560 beta=0 workspace=0
prefill gemm: Lt solution=2539 dtype=f16 T=1075 N=1280 K=2560 ldy=1280 beta=0 workspace=0
prefill gemm: Lt solution=2539 dtype=f16 T=1075 N=2560 K=640 ldy=2560 beta=0 workspace=0
prefill gemm: Lt solution=2539 dtype=f16 T=631 N=1280 K=2560 ldy=1280 beta=0 workspace=0
prefill gemm: Lt solution=2539 dtype=f16 T=631 N=2560 K=640 ldy=2560 beta=0 workspace=0
prefill gemm: Lt solution=2539 dtype=f16 T=2289 N=1280 K=2560 ldy=1280 beta=0 workspace=0
prefill gemm: Lt solution=2539 dtype=f16 T=2289 N=2560 K=640 ldy=2560 beta=0 workspace=0
prefill gemm: Lt solution=2539 dtype=f16 T=781 N=1280 K=2560 ldy=1280 beta=0 workspace=0
prefill gemm: Lt solution=2539 dtype=f16 T=781 N=2560 K=640 ldy=2560 beta=0 workspace=0
prefill gemm: Lt solution=2539 dtype=f16 T=1335 N=1280 K=2560 ldy=1280 beta=0 workspace=0
prefill gemm: Lt solution=2539 dtype=f16 T=1335 N=2560 K=640 ldy=2560 beta=0 workspace=0
prefill gemm: Lt solution=2539 dtype=f16 T=1176 N=1280 K=2560 ldy=1280 beta=0 workspace=0
prefill gemm: Lt solution=2539 dtype=f16 T=1176 N=2560 K=640 ldy=2560 beta=0 workspace=0
prefill gemm: Lt solution=2539 dtype=f16 T=1357 N=1280 K=2560 ldy=1280 beta=0 workspace=0
prefill gemm: Lt solution=2539 dtype=f16 T=1357 N=2560 K=640 ldy=2560 beta=0 workspace=0
prefill gemm: Lt solution=2539 dtype=f16 T=1257 N=1280 K=2560 ldy=1280 beta=0 workspace=0
prefill gemm: Lt solution=2539 dtype=f16 T=1257 N=2560 K=640 ldy=2560 beta=0 workspace=0
prefill gemm: Lt solution=2539 dtype=f16 T=588 N=1280 K=2560 ldy=1280 beta=0 workspace=0
prefill gemm: Lt solution=2539 dtype=f16 T=588 N=2560 K=640 ldy=2560 beta=0 workspace=0
prefill gemm: Lt solution=2539 dtype=f16 T=716 N=1280 K=2560 ldy=1280 beta=0 workspace=0
prefill gemm: Lt solution=2539 dtype=f16 T=716 N=2560 K=640 ldy=2560 beta=0 workspace=0
prefill gemm: Lt solution=2539 dtype=f16 T=1444 N=1280 K=2560 ldy=1280 beta=0 workspace=0
prefill gemm: Lt solution=2539 dtype=f16 T=1444 N=2560 K=640 ldy=2560 beta=0 workspace=0
prefill gemm: Lt solution=2539 dtype=f16 T=798 N=1280 K=2560 ldy=1280 beta=0 workspace=0
prefill gemm: Lt solution=2539 dtype=f16 T=798 N=2560 K=640 ldy=2560 beta=0 workspace=0
prefill gemm: Lt solution=2539 dtype=f16 T=3046 N=1280 K=2560 ldy=1280 beta=0 workspace=0
prefill gemm: Lt solution=2539 dtype=f16 T=3046 N=2560 K=640 ldy=2560 beta=0 workspace=0
prefill gemm: Lt solution=2539 dtype=f16 T=510 N=1280 K=2560 ldy=1280 beta=0 workspace=0
prefill gemm: Lt solution=2539 dtype=f16 T=510 N=2560 K=640 ldy=2560 beta=0 workspace=0
prefill gemm: Lt solution=2539 dtype=f16 T=1201 N=1280 K=2560 ldy=1280 beta=0 workspace=0
prefill gemm: Lt solution=2539 dtype=f16 T=1201 N=2560 K=640 ldy=2560 beta=0 workspace=0
prefill gemm: Lt solution=2539 dtype=f16 T=831 N=1280 K=2560 ldy=1280 beta=0 workspace=0
prefill gemm: Lt solution=2539 dtype=f16 T=831 N=2560 K=640 ldy=2560 beta=0 workspace=0
prefill gemm: Lt solution=2539 dtype=f16 T=982 N=1280 K=2560 ldy=1280 beta=0 workspace=0
prefill gemm: Lt solution=2539 dtype=f16 T=982 N=2560 K=640 ldy=2560 beta=0 workspace=0
prefill gemm: Lt solution=2539 dtype=f16 T=986 N=1280 K=2560 ldy=1280 beta=0 workspace=0
prefill gemm: Lt solution=2539 dtype=f16 T=986 N=2560 K=640 ldy=2560 beta=0 workspace=0
prefill gemm: Lt solution=2539 dtype=f16 T=2526 N=1280 K=2560 ldy=1280 beta=0 workspace=0
prefill gemm: Lt solution=2539 dtype=f16 T=2526 N=2560 K=640 ldy=2560 beta=0 workspace=0
prefill gemm: Lt solution=2539 dtype=f16 T=981 N=1280 K=2560 ldy=1280 beta=0 workspace=0
prefill gemm: Lt solution=2539 dtype=f16 T=981 N=2560 K=640 ldy=2560 beta=0 workspace=0
prefill gemm: Lt solution=2539 dtype=f16 T=630 N=1280 K=2560 ldy=1280 beta=0 workspace=0
prefill gemm: Lt solution=2539 dtype=f16 T=630 N=2560 K=640 ldy=2560 beta=0 workspace=0
prefill gemm: Lt solution=2539 dtype=f16 T=1754 N=1280 K=2560 ldy=1280 beta=0 workspace=0
prefill gemm: Lt solution=2539 dtype=f16 T=1754 N=2560 K=640 ldy=2560 beta=0 workspace=0
prefill gemm: Lt solution=2539 dtype=f16 T=1251 N=1280 K=2560 ldy=1280 beta=0 workspace=0
prefill gemm: Lt solution=2539 dtype=f16 T=1251 N=2560 K=640 ldy=2560 beta=0 workspace=0
prefill gemm: Lt solution=2539 dtype=f16 T=1042 N=1280 K=2560 ldy=1280 beta=0 workspace=0
prefill gemm: Lt solution=2539 dtype=f16 T=1042 N=2560 K=640 ldy=2560 beta=0 workspace=0
prefill gemm: Lt solution=2539 dtype=f16 T=2793 N=1280 K=2560 ldy=1280 beta=0 workspace=0
prefill gemm: Lt solution=2539 dtype=f16 T=2793 N=2560 K=640 ldy=2560 beta=0 workspace=0
prefill gemm: Lt solution=2539 dtype=f16 T=2259 N=1280 K=2560 ldy=1280 beta=0 workspace=0
prefill gemm: Lt solution=2539 dtype=f16 T=2259 N=2560 K=640 ldy=2560 beta=0 workspace=0
prefill gemm: Lt solution=2539 dtype=f16 T=701 N=1280 K=2560 ldy=1280 beta=0 workspace=0
prefill gemm: Lt solution=2539 dtype=f16 T=701 N=2560 K=640 ldy=2560 beta=0 workspace=0
prefill gemm: Lt solution=2539 dtype=f16 T=1216 N=1280 K=2560 ldy=1280 beta=0 workspace=0
prefill gemm: Lt solution=2539 dtype=f16 T=1216 N=2560 K=640 ldy=2560 beta=0 workspace=0
prefill gemm: Lt solution=2539 dtype=f16 T=1023 N=1280 K=2560 ldy=1280 beta=0 workspace=0
prefill gemm: Lt solution=2539 dtype=f16 T=1023 N=2560 K=640 ldy=2560 beta=0 workspace=0
prefill gemm: Lt solution=2539 dtype=f16 T=1553 N=1280 K=2560 ldy=1280 beta=0 workspace=0
prefill gemm: Lt solution=2539 dtype=f16 T=1553 N=2560 K=640 ldy=2560 beta=0 workspace=0
prefill gemm: Lt solution=2539 dtype=f16 T=2625 N=1280 K=2560 ldy=1280 beta=0 workspace=0
prefill gemm: Lt solution=2539 dtype=f16 T=2625 N=2560 K=640 ldy=2560 beta=0 workspace=0
prefill gemm: Lt solution=2539 dtype=f16 T=2204 N=1280 K=2560 ldy=1280 beta=0 workspace=0
prefill gemm: Lt solution=2539 dtype=f16 T=2204 N=2560 K=640 ldy=2560 beta=0 workspace=0
prefill gemm: Lt solution=2539 dtype=f16 T=1203 N=1280 K=2560 ldy=1280 beta=0 workspace=0
prefill gemm: Lt solution=2539 dtype=f16 T=1203 N=2560 K=640 ldy=2560 beta=0 workspace=0
prefill gemm: Lt solution=2539 dtype=f16 T=1498 N=1280 K=2560 ldy=1280 beta=0 workspace=0
prefill gemm: Lt solution=2539 dtype=f16 T=1498 N=2560 K=640 ldy=2560 beta=0 workspace=0
prefill gemm: Lt solution=2539 dtype=f16 T=2348 N=1280 K=2560 ldy=1280 beta=0 workspace=0
prefill gemm: Lt solution=2539 dtype=f16 T=2348 N=2560 K=640 ldy=2560 beta=0 workspace=0
prefill gemm: Lt solution=2539 dtype=f16 T=1507 N=1280 K=2560 ldy=1280 beta=0 workspace=0
prefill gemm: Lt solution=2539 dtype=f16 T=1507 N=2560 K=640 ldy=2560 beta=0 workspace=0
prefill gemm: Lt solution=2539 dtype=f16 T=2673 N=1280 K=2560 ldy=1280 beta=0 workspace=0
prefill gemm: Lt solution=2539 dtype=f16 T=2673 N=2560 K=640 ldy=2560 beta=0 workspace=0
prefill gemm: Lt solution=2539 dtype=f16 T=1038 N=1280 K=2560 ldy=1280 beta=0 workspace=0
prefill gemm: Lt solution=2539 dtype=f16 T=1038 N=2560 K=640 ldy=2560 beta=0 workspace=0
prefill gemm: Lt solution=2539 dtype=f16 T=1570 N=1280 K=2560 ldy=1280 beta=0 workspace=0
prefill gemm: Lt solution=2539 dtype=f16 T=1570 N=2560 K=640 ldy=2560 beta=0 workspace=0
prefill gemm: Lt solution=2539 dtype=f16 T=1319 N=1280 K=2560 ldy=1280 beta=0 workspace=0
prefill gemm: Lt solution=2539 dtype=f16 T=1319 N=2560 K=640 ldy=2560 beta=0 workspace=0
prefill gemm: Lt solution=2539 dtype=f16 T=1318 N=1280 K=2560 ldy=1280 beta=0 workspace=0
prefill gemm: Lt solution=2539 dtype=f16 T=1318 N=2560 K=640 ldy=2560 beta=0 workspace=0
prefill gemm: Lt solution=2539 dtype=f16 T=2460 N=1280 K=2560 ldy=1280 beta=0 workspace=0
prefill gemm: Lt solution=2539 dtype=f16 T=2460 N=2560 K=640 ldy=2560 beta=0 workspace=0
prefill gemm: Lt solution=2539 dtype=f16 T=653 N=1280 K=2560 ldy=1280 beta=0 workspace=0
prefill gemm: Lt solution=2539 dtype=f16 T=653 N=2560 K=640 ldy=2560 beta=0 workspace=0
prefill gemm: Lt solution=2539 dtype=f16 T=3505 N=1280 K=2560 ldy=1280 beta=0 workspace=0
prefill gemm: Lt solution=2539 dtype=f16 T=3505 N=2560 K=640 ldy=2560 beta=0 workspace=0
prefill gemm: Lt solution=2539 dtype=f16 T=574 N=1280 K=2560 ldy=1280 beta=0 workspace=0
prefill gemm: Lt solution=2539 dtype=f16 T=574 N=2560 K=640 ldy=2560 beta=0 workspace=0
prefill gemm: Lt solution=2539 dtype=f16 T=1467 N=1280 K=2560 ldy=1280 beta=0 workspace=0
prefill gemm: Lt solution=2539 dtype=f16 T=1467 N=2560 K=640 ldy=2560 beta=0 workspace=0
prefill gemm: Lt solution=2539 dtype=f16 T=2414 N=1280 K=2560 ldy=1280 beta=0 workspace=0
prefill gemm: Lt solution=2539 dtype=f16 T=2414 N=2560 K=640 ldy=2560 beta=0 workspace=0
prefill gemm: Lt solution=2539 dtype=f16 T=1015 N=1280 K=2560 ldy=1280 beta=0 workspace=0
prefill gemm: Lt solution=2539 dtype=f16 T=1015 N=2560 K=640 ldy=2560 beta=0 workspace=0
prefill gemm: Lt solution=1251 dtype=bf16 T=3584 N=320 K=10240 ldy=320 beta=0 workspace=0
prefill gemm: Lt solution=1251 dtype=bf16 T=3584 N=10240 K=320 ldy=10240 beta=0 workspace=0
prefill gemm: Lt solution=1251 dtype=bf16 T=581 N=320 K=10240 ldy=320 beta=0 workspace=0
prefill gemm: Lt solution=1251 dtype=bf16 T=581 N=10240 K=320 ldy=10240 beta=0 workspace=0
strata prefill timing: 4165 tokens, GPU timeline 7985 ms, wall 8028 ms, host staging 4 ms: embed+steps 114 (1.4%) hc read 725 (9.1%) gdn 966 (12.1%) qsa proj 484 (6.1%) qsa indexer 0 (0.0%) qsa select 43 (0.5%) qsa attn 630 (7.9%) router+shared 229 (2.9%) host grouping 37 (0.5%) gather 72 (0.9%) wait copy 9 (0.1%) dequant 684 (8.6%) gemm gate/up 1616 (20.2%) gemm down 786 (9.8%) combine 226 (2.8%) ple 32 (0.4%) gdn conv+gates 83 (1.0%) gdn recurrence 842 (10.5%) gdn out proj 408 (5.1%)
strata prefill timing: host: chunk setup (PLE rows, the expert stream plan) 114 ms, waiting for each chunk 72 ms, after each chunk (the draft layer, progress) 42 ms, PLE 104 ms
strata prefill timing: experts: the loop's host time 516 ms over 48 layers (0 sorted by row count), 1999200 routed rows, MMQ's J tile pads them by 46.0%
strata verify: captured the 4-token window (upload no error, sync no error)
strata verify: captured the 1-token window (upload no error, sync no error)
strata serve: prompt 4170 tokens = 0 reused + 4170 read in 8205 ms (508.2 tok/s), 1 generated in 49 ms (20.5 tok/s), drafts accepted 0 of 0, 1 checkpoints
strata serve: decode expert cache hit rate: 100.0% (480 hits / 480 lookups)
prefill gemm: Lt solution=2539 dtype=f16 T=647 N=1280 K=2560 ldy=1280 beta=0 workspace=0
prefill gemm: Lt solution=2539 dtype=f16 T=647 N=2560 K=640 ldy=2560 beta=0 workspace=0
prefill gemm: Lt solution=2539 dtype=f16 T=480 N=1280 K=2560 ldy=1280 beta=0 workspace=0
prefill gemm: Lt solution=2539 dtype=f16 T=480 N=2560 K=640 ldy=2560 beta=0 workspace=0
prefill gemm: Lt solution=2539 dtype=f16 T=1936 N=1280 K=2560 ldy=1280 beta=0 workspace=0
prefill gemm: Lt solution=2539 dtype=f16 T=1936 N=2560 K=640 ldy=2560 beta=0 workspace=0
prefill gemm: Lt solution=2539 dtype=f16 T=875 N=1280 K=2560 ldy=1280 beta=0 workspace=0
prefill gemm: Lt solution=2539 dtype=f16 T=875 N=2560 K=640 ldy=2560 beta=0 workspace=0
prefill gemm: Lt solution=2539 dtype=f16 T=983 N=1280 K=2560 ldy=1280 beta=0 workspace=0
prefill gemm: Lt solution=2539 dtype=f16 T=983 N=2560 K=640 ldy=2560 beta=0 workspace=0
prefill gemm: Lt solution=2539 dtype=f16 T=1867 N=1280 K=2560 ldy=1280 beta=0 workspace=0
prefill gemm: Lt solution=2539 dtype=f16 T=1867 N=2560 K=640 ldy=2560 beta=0 workspace=0
prefill gemm: Lt solution=2539 dtype=f16 T=1758 N=1280 K=2560 ldy=1280 beta=0 workspace=0
prefill gemm: Lt solution=2539 dtype=f16 T=1758 N=2560 K=640 ldy=2560 beta=0 workspace=0
prefill gemm: Lt solution=2539 dtype=f16 T=677 N=1280 K=2560 ldy=1280 beta=0 workspace=0
prefill gemm: Lt solution=2539 dtype=f16 T=677 N=2560 K=640 ldy=2560 beta=0 workspace=0
prefill gemm: Lt solution=2539 dtype=f16 T=1275 N=1280 K=2560 ldy=1280 beta=0 workspace=0
prefill gemm: Lt solution=2539 dtype=f16 T=1275 N=2560 K=640 ldy=2560 beta=0 workspace=0
prefill gemm: Lt solution=2539 dtype=f16 T=614 N=1280 K=2560 ldy=1280 beta=0 workspace=0
prefill gemm: Lt solution=2539 dtype=f16 T=614 N=2560 K=640 ldy=2560 beta=0 workspace=0
prefill gemm: Lt solution=2539 dtype=f16 T=1225 N=1280 K=2560 ldy=1280 beta=0 workspace=0
prefill gemm: Lt solution=2539 dtype=f16 T=1225 N=2560 K=640 ldy=2560 beta=0 workspace=0
prefill gemm: Lt solution=2539 dtype=f16 T=767 N=1280 K=2560 ldy=1280 beta=0 workspace=0
prefill gemm: Lt solution=2539 dtype=f16 T=767 N=2560 K=640 ldy=2560 beta=0 workspace=0
prefill gemm: Lt solution=2539 dtype=f16 T=1703 N=1280 K=2560 ldy=1280 beta=0 workspace=0
prefill gemm: Lt solution=2539 dtype=f16 T=1703 N=2560 K=640 ldy=2560 beta=0 workspace=0
prefill gemm: Lt solution=2539 dtype=f16 T=729 N=1280 K=2560 ldy=1280 beta=0 workspace=0
prefill gemm: Lt solution=2539 dtype=f16 T=729 N=2560 K=640 ldy=2560 beta=0 workspace=0
prefill gemm: Lt solution=2539 dtype=f16 T=732 N=1280 K=2560 ldy=1280 beta=0 workspace=0
prefill gemm: Lt solution=2539 dtype=f16 T=732 N=2560 K=640 ldy=2560 beta=0 workspace=0
prefill gemm: Lt solution=2539 dtype=f16 T=1393 N=1280 K=2560 ldy=1280 beta=0 workspace=0
prefill gemm: Lt solution=2539 dtype=f16 T=1393 N=2560 K=640 ldy=2560 beta=0 workspace=0
prefill gemm: Lt solution=2539 dtype=f16 T=901 N=1280 K=2560 ldy=1280 beta=0 workspace=0
prefill gemm: Lt solution=2539 dtype=f16 T=901 N=2560 K=640 ldy=2560 beta=0 workspace=0
prefill gemm: Lt solution=2539 dtype=f16 T=920 N=1280 K=2560 ldy=1280 beta=0 workspace=0
prefill gemm: Lt solution=2539 dtype=f16 T=920 N=2560 K=640 ldy=2560 beta=0 workspace=0
prefill gemm: Lt solution=2539 dtype=f16 T=1083 N=1280 K=2560 ldy=1280 beta=0 workspace=0
prefill gemm: Lt solution=2539 dtype=f16 T=1083 N=2560 K=640 ldy=2560 beta=0 workspace=0
prefill gemm: Lt solution=2539 dtype=f16 T=1358 N=1280 K=2560 ldy=1280 beta=0 workspace=0
prefill gemm: Lt solution=2539 dtype=f16 T=1358 N=2560 K=640 ldy=2560 beta=0 workspace=0
prefill gemm: Lt solution=2539 dtype=f16 T=965 N=1280 K=2560 ldy=1280 beta=0 workspace=0
prefill gemm: Lt solution=2539 dtype=f16 T=965 N=2560 K=640 ldy=2560 beta=0 workspace=0
prefill gemm: Lt solution=2539 dtype=f16 T=848 N=1280 K=2560 ldy=1280 beta=0 workspace=0
prefill gemm: Lt solution=2539 dtype=f16 T=848 N=2560 K=640 ldy=2560 beta=0 workspace=0
prefill gemm: Lt solution=2539 dtype=f16 T=1034 N=1280 K=2560 ldy=1280 beta=0 workspace=0
prefill gemm: Lt solution=2539 dtype=f16 T=1034 N=2560 K=640 ldy=2560 beta=0 workspace=0
prefill gemm: Lt solution=2539 dtype=f16 T=803 N=1280 K=2560 ldy=1280 beta=0 workspace=0
prefill gemm: Lt solution=2539 dtype=f16 T=803 N=2560 K=640 ldy=2560 beta=0 workspace=0
prefill gemm: Lt solution=2539 dtype=f16 T=609 N=1280 K=2560 ldy=1280 beta=0 workspace=0
prefill gemm: Lt solution=2539 dtype=f16 T=609 N=2560 K=640 ldy=2560 beta=0 workspace=0
prefill gemm: Lt solution=2539 dtype=f16 T=832 N=1280 K=2560 ldy=1280 beta=0 workspace=0
prefill gemm: Lt solution=2539 dtype=f16 T=832 N=2560 K=640 ldy=2560 beta=0 workspace=0
prefill gemm: Lt solution=2539 dtype=f16 T=698 N=1280 K=2560 ldy=1280 beta=0 workspace=0
prefill gemm: Lt solution=2539 dtype=f16 T=698 N=2560 K=640 ldy=2560 beta=0 workspace=0
prefill gemm: Lt solution=2539 dtype=f16 T=1313 N=1280 K=2560 ldy=1280 beta=0 workspace=0
prefill gemm: Lt solution=2539 dtype=f16 T=1313 N=2560 K=640 ldy=2560 beta=0 workspace=0
prefill gemm: Lt solution=2539 dtype=f16 T=873 N=1280 K=2560 ldy=1280 beta=0 workspace=0
prefill gemm: Lt solution=2539 dtype=f16 T=873 N=2560 K=640 ldy=2560 beta=0 workspace=0
prefill gemm: Lt solution=2539 dtype=f16 T=648 N=1280 K=2560 ldy=1280 beta=0 workspace=0
prefill gemm: Lt solution=2539 dtype=f16 T=648 N=2560 K=640 ldy=2560 beta=0 workspace=0
prefill gemm: Lt solution=2539 dtype=f16 T=1439 N=1280 K=2560 ldy=1280 beta=0 workspace=0
prefill gemm: Lt solution=2539 dtype=f16 T=1439 N=2560 K=640 ldy=2560 beta=0 workspace=0
prefill gemm: Lt solution=2539 dtype=f16 T=1193 N=1280 K=2560 ldy=1280 beta=0 workspace=0
prefill gemm: Lt solution=2539 dtype=f16 T=1193 N=2560 K=640 ldy=2560 beta=0 workspace=0
prefill gemm: Lt solution=2539 dtype=f16 T=695 N=1280 K=2560 ldy=1280 beta=0 workspace=0
prefill gemm: Lt solution=2539 dtype=f16 T=695 N=2560 K=640 ldy=2560 beta=0 workspace=0
prefill gemm: Lt solution=2539 dtype=f16 T=590 N=1280 K=2560 ldy=1280 beta=0 workspace=0
prefill gemm: Lt solution=2539 dtype=f16 T=590 N=2560 K=640 ldy=2560 beta=0 workspace=0
prefill gemm: Lt solution=2539 dtype=f16 T=1499 N=1280 K=2560 ldy=1280 beta=0 workspace=0
prefill gemm: Lt solution=2539 dtype=f16 T=1499 N=2560 K=640 ldy=2560 beta=0 workspace=0
prefill gemm: Lt solution=2539 dtype=f16 T=536 N=1280 K=2560 ldy=1280 beta=0 workspace=0
prefill gemm: Lt solution=2539 dtype=f16 T=536 N=2560 K=640 ldy=2560 beta=0 workspace=0
prefill gemm: Lt solution=2539 dtype=f16 T=763 N=1280 K=2560 ldy=1280 beta=0 workspace=0
prefill gemm: Lt solution=2539 dtype=f16 T=763 N=2560 K=640 ldy=2560 beta=0 workspace=0
prefill gemm: Lt solution=2539 dtype=f16 T=586 N=1280 K=2560 ldy=1280 beta=0 workspace=0
prefill gemm: Lt solution=2539 dtype=f16 T=586 N=2560 K=640 ldy=2560 beta=0 workspace=0
prefill gemm: Lt solution=2539 dtype=f16 T=669 N=1280 K=2560 ldy=1280 beta=0 workspace=0
prefill gemm: Lt solution=2539 dtype=f16 T=669 N=2560 K=640 ldy=2560 beta=0 workspace=0
prefill gemm: Lt solution=2539 dtype=f16 T=1601 N=1280 K=2560 ldy=1280 beta=0 workspace=0
prefill gemm: Lt solution=2539 dtype=f16 T=1601 N=2560 K=640 ldy=2560 beta=0 workspace=0
prefill gemm: Lt solution=2539 dtype=f16 T=660 N=1280 K=2560 ldy=1280 beta=0 workspace=0
prefill gemm: Lt solution=2539 dtype=f16 T=660 N=2560 K=640 ldy=2560 beta=0 workspace=0
prefill gemm: Lt solution=2539 dtype=f16 T=938 N=1280 K=2560 ldy=1280 beta=0 workspace=0
prefill gemm: Lt solution=2539 dtype=f16 T=938 N=2560 K=640 ldy=2560 beta=0 workspace=0
prefill gemm: Lt solution=2539 dtype=f16 T=746 N=1280 K=2560 ldy=1280 beta=0 workspace=0
prefill gemm: Lt solution=2539 dtype=f16 T=746 N=2560 K=640 ldy=2560 beta=0 workspace=0
prefill gemm: Lt solution=2539 dtype=f16 T=1661 N=1280 K=2560 ldy=1280 beta=0 workspace=0
prefill gemm: Lt solution=2539 dtype=f16 T=1661 N=2560 K=640 ldy=2560 beta=0 workspace=0
prefill gemm: Lt solution=2539 dtype=f16 T=770 N=1280 K=2560 ldy=1280 beta=0 workspace=0
prefill gemm: Lt solution=2539 dtype=f16 T=770 N=2560 K=640 ldy=2560 beta=0 workspace=0
prefill gemm: Lt solution=2539 dtype=f16 T=793 N=1280 K=2560 ldy=1280 beta=0 workspace=0
prefill gemm: Lt solution=2539 dtype=f16 T=793 N=2560 K=640 ldy=2560 beta=0 workspace=0
prefill gemm: Lt solution=2539 dtype=f16 T=583 N=1280 K=2560 ldy=1280 beta=0 workspace=0
prefill gemm: Lt solution=2539 dtype=f16 T=583 N=2560 K=640 ldy=2560 beta=0 workspace=0
prefill gemm: Lt solution=2539 dtype=f16 T=721 N=1280 K=2560 ldy=1280 beta=0 workspace=0
prefill gemm: Lt solution=2539 dtype=f16 T=721 N=2560 K=640 ldy=2560 beta=0 workspace=0
prefill gemm: Lt solution=2539 dtype=f16 T=744 N=1280 K=2560 ldy=1280 beta=0 workspace=0
prefill gemm: Lt solution=2539 dtype=f16 T=744 N=2560 K=640 ldy=2560 beta=0 workspace=0
prefill gemm: Lt solution=2539 dtype=f16 T=687 N=1280 K=2560 ldy=1280 beta=0 workspace=0
prefill gemm: Lt solution=2539 dtype=f16 T=687 N=2560 K=640 ldy=2560 beta=0 workspace=0
prefill gemm: Lt solution=2539 dtype=f16 T=608 N=1280 K=2560 ldy=1280 beta=0 workspace=0
prefill gemm: Lt solution=2539 dtype=f16 T=608 N=2560 K=640 ldy=2560 beta=0 workspace=0
prefill gemm: Lt solution=2539 dtype=f16 T=1470 N=1280 K=2560 ldy=1280 beta=0 workspace=0
prefill gemm: Lt solution=2539 dtype=f16 T=1470 N=2560 K=640 ldy=2560 beta=0 workspace=0
prefill gemm: Lt solution=2539 dtype=f16 T=1415 N=1280 K=2560 ldy=1280 beta=0 workspace=0
prefill gemm: Lt solution=2539 dtype=f16 T=1415 N=2560 K=640 ldy=2560 beta=0 workspace=0
prefill gemm: Lt solution=2539 dtype=f16 T=1208 N=1280 K=2560 ldy=1280 beta=0 workspace=0
prefill gemm: Lt solution=2539 dtype=f16 T=1208 N=2560 K=640 ldy=2560 beta=0 workspace=0
prefill gemm: Lt solution=2539 dtype=f16 T=1148 N=1280 K=2560 ldy=1280 beta=0 workspace=0
prefill gemm: Lt solution=2539 dtype=f16 T=1148 N=2560 K=640 ldy=2560 beta=0 workspace=0
prefill gemm: Lt solution=2539 dtype=f16 T=1940 N=1280 K=2560 ldy=1280 beta=0 workspace=0
prefill gemm: Lt solution=2539 dtype=f16 T=1940 N=2560 K=640 ldy=2560 beta=0 workspace=0
prefill gemm: Lt solution=2539 dtype=f16 T=1305 N=1280 K=2560 ldy=1280 beta=0 workspace=0
prefill gemm: Lt solution=2539 dtype=f16 T=1305 N=2560 K=640 ldy=2560 beta=0 workspace=0
prefill gemm: Lt solution=2539 dtype=f16 T=537 N=1280 K=2560 ldy=1280 beta=0 workspace=0
prefill gemm: Lt solution=2539 dtype=f16 T=537 N=2560 K=640 ldy=2560 beta=0 workspace=0
prefill gemm: Lt solution=2539 dtype=f16 T=1927 N=1280 K=2560 ldy=1280 beta=0 workspace=0
prefill gemm: Lt solution=2539 dtype=f16 T=1927 N=2560 K=640 ldy=2560 beta=0 workspace=0
prefill gemm: Lt solution=2539 dtype=f16 T=1119 N=1280 K=2560 ldy=1280 beta=0 workspace=0
prefill gemm: Lt solution=2539 dtype=f16 T=1119 N=2560 K=640 ldy=2560 beta=0 workspace=0
prefill gemm: Lt solution=2539 dtype=f16 T=1076 N=1280 K=2560 ldy=1280 beta=0 workspace=0
prefill gemm: Lt solution=2539 dtype=f16 T=1076 N=2560 K=640 ldy=2560 beta=0 workspace=0
prefill gemm: Lt solution=2539 dtype=f16 T=685 N=1280 K=2560 ldy=1280 beta=0 workspace=0
prefill gemm: Lt solution=2539 dtype=f16 T=685 N=2560 K=640 ldy=2560 beta=0 workspace=0
prefill gemm: Lt solution=2539 dtype=f16 T=909 N=1280 K=2560 ldy=1280 beta=0 workspace=0
prefill gemm: Lt solution=2539 dtype=f16 T=909 N=2560 K=640 ldy=2560 beta=0 workspace=0
prefill gemm: Lt solution=2539 dtype=f16 T=605 N=1280 K=2560 ldy=1280 beta=0 workspace=0
prefill gemm: Lt solution=2539 dtype=f16 T=605 N=2560 K=640 ldy=2560 beta=0 workspace=0
prefill gemm: Lt solution=2539 dtype=f16 T=622 N=1280 K=2560 ldy=1280 beta=0 workspace=0
prefill gemm: Lt solution=2539 dtype=f16 T=622 N=2560 K=640 ldy=2560 beta=0 workspace=0
prefill gemm: Lt solution=2539 dtype=f16 T=1967 N=1280 K=2560 ldy=1280 beta=0 workspace=0
prefill gemm: Lt solution=2539 dtype=f16 T=1967 N=2560 K=640 ldy=2560 beta=0 workspace=0
prefill gemm: Lt solution=2539 dtype=f16 T=976 N=1280 K=2560 ldy=1280 beta=0 workspace=0
prefill gemm: Lt solution=2539 dtype=f16 T=976 N=2560 K=640 ldy=2560 beta=0 workspace=0
prefill gemm: Lt solution=2539 dtype=f16 T=1125 N=1280 K=2560 ldy=1280 beta=0 workspace=0
prefill gemm: Lt solution=2539 dtype=f16 T=1125 N=2560 K=640 ldy=2560 beta=0 workspace=0
prefill gemm: Lt solution=2539 dtype=f16 T=2075 N=1280 K=2560 ldy=1280 beta=0 workspace=0
prefill gemm: Lt solution=2539 dtype=f16 T=2075 N=2560 K=640 ldy=2560 beta=0 workspace=0
prefill gemm: Lt solution=2539 dtype=f16 T=1056 N=1280 K=2560 ldy=1280 beta=0 workspace=0
prefill gemm: Lt solution=2539 dtype=f16 T=1056 N=2560 K=640 ldy=2560 beta=0 workspace=0
prefill gemm: Lt solution=2539 dtype=f16 T=785 N=1280 K=2560 ldy=1280 beta=0 workspace=0
prefill gemm: Lt solution=2539 dtype=f16 T=785 N=2560 K=640 ldy=2560 beta=0 workspace=0
prefill gemm: Lt solution=2539 dtype=f16 T=1017 N=1280 K=2560 ldy=1280 beta=0 workspace=0
prefill gemm: Lt solution=2539 dtype=f16 T=1017 N=2560 K=640 ldy=2560 beta=0 workspace=0
prefill gemm: Lt solution=2539 dtype=f16 T=737 N=1280 K=2560 ldy=1280 beta=0 workspace=0
prefill gemm: Lt solution=2539 dtype=f16 T=737 N=2560 K=640 ldy=2560 beta=0 workspace=0
prefill gemm: Lt solution=2539 dtype=f16 T=743 N=1280 K=2560 ldy=1280 beta=0 workspace=0
prefill gemm: Lt solution=2539 dtype=f16 T=743 N=2560 K=640 ldy=2560 beta=0 workspace=0
prefill gemm: Lt solution=2539 dtype=f16 T=1026 N=1280 K=2560 ldy=1280 beta=0 workspace=0
prefill gemm: Lt solution=2539 dtype=f16 T=1026 N=2560 K=640 ldy=2560 beta=0 workspace=0
prefill gemm: Lt solution=2539 dtype=f16 T=855 N=1280 K=2560 ldy=1280 beta=0 workspace=0
prefill gemm: Lt solution=2539 dtype=f16 T=855 N=2560 K=640 ldy=2560 beta=0 workspace=0
prefill gemm: Lt solution=2539 dtype=f16 T=1153 N=1280 K=2560 ldy=1280 beta=0 workspace=0
prefill gemm: Lt solution=2539 dtype=f16 T=1153 N=2560 K=640 ldy=2560 beta=0 workspace=0
prefill gemm: Lt solution=2539 dtype=f16 T=2116 N=1280 K=2560 ldy=1280 beta=0 workspace=0
prefill gemm: Lt solution=2539 dtype=f16 T=2116 N=2560 K=640 ldy=2560 beta=0 workspace=0
prefill gemm: Lt solution=2539 dtype=f16 T=780 N=1280 K=2560 ldy=1280 beta=0 workspace=0
prefill gemm: Lt solution=2539 dtype=f16 T=780 N=2560 K=640 ldy=2560 beta=0 workspace=0
prefill gemm: Lt solution=2539 dtype=f16 T=859 N=1280 K=2560 ldy=1280 beta=0 workspace=0
prefill gemm: Lt solution=2539 dtype=f16 T=859 N=2560 K=640 ldy=2560 beta=0 workspace=0
prefill gemm: Lt solution=2539 dtype=f16 T=2077 N=1280 K=2560 ldy=1280 beta=0 workspace=0
prefill gemm: Lt solution=2539 dtype=f16 T=2077 N=2560 K=640 ldy=2560 beta=0 workspace=0
prefill gemm: Lt solution=2539 dtype=f16 T=1596 N=1280 K=2560 ldy=1280 beta=0 workspace=0
prefill gemm: Lt solution=2539 dtype=f16 T=1596 N=2560 K=640 ldy=2560 beta=0 workspace=0
prefill gemm: Lt solution=2539 dtype=f16 T=807 N=1280 K=2560 ldy=1280 beta=0 workspace=0
prefill gemm: Lt solution=2539 dtype=f16 T=807 N=2560 K=640 ldy=2560 beta=0 workspace=0
prefill gemm: Lt solution=2539 dtype=f16 T=404 N=1280 K=2560 ldy=1280 beta=0 workspace=0
prefill gemm: Lt solution=2539 dtype=f16 T=404 N=2560 K=640 ldy=2560 beta=0 workspace=0
prefill gemm: Lt solution=2539 dtype=f16 T=969 N=1280 K=2560 ldy=1280 beta=0 workspace=0
prefill gemm: Lt solution=2539 dtype=f16 T=969 N=2560 K=640 ldy=2560 beta=0 workspace=0
prefill gemm: Lt solution=2539 dtype=f16 T=1678 N=1280 K=2560 ldy=1280 beta=0 workspace=0
prefill gemm: Lt solution=2539 dtype=f16 T=1678 N=2560 K=640 ldy=2560 beta=0 workspace=0
prefill gemm: Lt solution=2539 dtype=f16 T=1883 N=1280 K=2560 ldy=1280 beta=0 workspace=0
prefill gemm: Lt solution=2539 dtype=f16 T=1883 N=2560 K=640 ldy=2560 beta=0 workspace=0
prefill gemm: Lt solution=2539 dtype=f16 T=1006 N=1280 K=2560 ldy=1280 beta=0 workspace=0
prefill gemm: Lt solution=2539 dtype=f16 T=1006 N=2560 K=640 ldy=2560 beta=0 workspace=0
prefill gemm: Lt solution=2539 dtype=f16 T=1488 N=1280 K=2560 ldy=1280 beta=0 workspace=0
prefill gemm: Lt solution=2539 dtype=f16 T=1488 N=2560 K=640 ldy=2560 beta=0 workspace=0
prefill gemm: Lt solution=2539 dtype=f16 T=903 N=1280 K=2560 ldy=1280 beta=0 workspace=0
prefill gemm: Lt solution=2539 dtype=f16 T=903 N=2560 K=640 ldy=2560 beta=0 workspace=0
prefill gemm: Lt solution=2539 dtype=f16 T=1417 N=1280 K=2560 ldy=1280 beta=0 workspace=0
prefill gemm: Lt solution=2539 dtype=f16 T=1417 N=2560 K=640 ldy=2560 beta=0 workspace=0
prefill gemm: Lt solution=2539 dtype=f16 T=1316 N=1280 K=2560 ldy=1280 beta=0 workspace=0
prefill gemm: Lt solution=2539 dtype=f16 T=1316 N=2560 K=640 ldy=2560 beta=0 workspace=0
prefill gemm: Lt solution=2539 dtype=f16 T=1105 N=1280 K=2560 ldy=1280 beta=0 workspace=0
prefill gemm: Lt solution=2539 dtype=f16 T=1105 N=2560 K=640 ldy=2560 beta=0 workspace=0
prefill gemm: Lt solution=2539 dtype=f16 T=1991 N=1280 K=2560 ldy=1280 beta=0 workspace=0
prefill gemm: Lt solution=2539 dtype=f16 T=1991 N=2560 K=640 ldy=2560 beta=0 workspace=0
prefill gemm: Lt solution=2539 dtype=f16 T=936 N=1280 K=2560 ldy=1280 beta=0 workspace=0
prefill gemm: Lt solution=2539 dtype=f16 T=936 N=2560 K=640 ldy=2560 beta=0 workspace=0
prefill gemm: Lt solution=2539 dtype=f16 T=1481 N=1280 K=2560 ldy=1280 beta=0 workspace=0
prefill gemm: Lt solution=2539 dtype=f16 T=1481 N=2560 K=640 ldy=2560 beta=0 workspace=0
prefill gemm: Lt solution=2539 dtype=f16 T=1011 N=1280 K=2560 ldy=1280 beta=0 workspace=0
prefill gemm: Lt solution=2539 dtype=f16 T=1011 N=2560 K=640 ldy=2560 beta=0 workspace=0
prefill gemm: Lt solution=2539 dtype=f16 T=1174 N=1280 K=2560 ldy=1280 beta=0 workspace=0
prefill gemm: Lt solution=2539 dtype=f16 T=1174 N=2560 K=640 ldy=2560 beta=0 workspace=0
prefill gemm: Lt solution=2539 dtype=f16 T=1152 N=1280 K=2560 ldy=1280 beta=0 workspace=0
prefill gemm: Lt solution=2539 dtype=f16 T=1152 N=2560 K=640 ldy=2560 beta=0 workspace=0
prefill gemm: Lt solution=2539 dtype=f16 T=892 N=1280 K=2560 ldy=1280 beta=0 workspace=0
prefill gemm: Lt solution=2539 dtype=f16 T=892 N=2560 K=640 ldy=2560 beta=0 workspace=0
prefill gemm: Lt solution=2539 dtype=f16 T=760 N=1280 K=2560 ldy=1280 beta=0 workspace=0
prefill gemm: Lt solution=2539 dtype=f16 T=760 N=2560 K=640 ldy=2560 beta=0 workspace=0
prefill gemm: Lt solution=2539 dtype=f16 T=772 N=1280 K=2560 ldy=1280 beta=0 workspace=0
prefill gemm: Lt solution=2539 dtype=f16 T=772 N=2560 K=640 ldy=2560 beta=0 workspace=0
prefill gemm: Lt solution=2539 dtype=f16 T=1347 N=1280 K=2560 ldy=1280 beta=0 workspace=0
prefill gemm: Lt solution=2539 dtype=f16 T=1347 N=2560 K=640 ldy=2560 beta=0 workspace=0
prefill gemm: Lt solution=2539 dtype=f16 T=919 N=1280 K=2560 ldy=1280 beta=0 workspace=0
prefill gemm: Lt solution=2539 dtype=f16 T=919 N=2560 K=640 ldy=2560 beta=0 workspace=0
prefill gemm: Lt solution=2539 dtype=f16 T=948 N=1280 K=2560 ldy=1280 beta=0 workspace=0
prefill gemm: Lt solution=2539 dtype=f16 T=948 N=2560 K=640 ldy=2560 beta=0 workspace=0
prefill gemm: Lt solution=2539 dtype=f16 T=768 N=1280 K=2560 ldy=1280 beta=0 workspace=0
prefill gemm: Lt solution=2539 dtype=f16 T=768 N=2560 K=640 ldy=2560 beta=0 workspace=0
prefill gemm: Lt solution=2539 dtype=f16 T=932 N=1280 K=2560 ldy=1280 beta=0 workspace=0
prefill gemm: Lt solution=2539 dtype=f16 T=932 N=2560 K=640 ldy=2560 beta=0 workspace=0
prefill gemm: Lt solution=2539 dtype=f16 T=908 N=1280 K=2560 ldy=1280 beta=0 workspace=0
prefill gemm: Lt solution=2539 dtype=f16 T=908 N=2560 K=640 ldy=2560 beta=0 workspace=0
prefill gemm: Lt solution=2539 dtype=f16 T=1077 N=1280 K=2560 ldy=1280 beta=0 workspace=0
prefill gemm: Lt solution=2539 dtype=f16 T=1077 N=2560 K=640 ldy=2560 beta=0 workspace=0
prefill gemm: Lt solution=2539 dtype=f16 T=828 N=1280 K=2560 ldy=1280 beta=0 workspace=0
prefill gemm: Lt solution=2539 dtype=f16 T=828 N=2560 K=640 ldy=2560 beta=0 workspace=0
prefill gemm: Lt solution=2539 dtype=f16 T=1241 N=1280 K=2560 ldy=1280 beta=0 workspace=0
prefill gemm: Lt solution=2539 dtype=f16 T=1241 N=2560 K=640 ldy=2560 beta=0 workspace=0
prefill gemm: Lt solution=2539 dtype=f16 T=1270 N=1280 K=2560 ldy=1280 beta=0 workspace=0
prefill gemm: Lt solution=2539 dtype=f16 T=1270 N=2560 K=640 ldy=2560 beta=0 workspace=0
prefill gemm: Lt solution=2539 dtype=f16 T=700 N=1280 K=2560 ldy=1280 beta=0 workspace=0
prefill gemm: Lt solution=2539 dtype=f16 T=700 N=2560 K=640 ldy=2560 beta=0 workspace=0
prefill gemm: Lt solution=2539 dtype=f16 T=1112 N=1280 K=2560 ldy=1280 beta=0 workspace=0
prefill gemm: Lt solution=2539 dtype=f16 T=1112 N=2560 K=640 ldy=2560 beta=0 workspace=0
prefill gemm: Lt solution=2539 dtype=f16 T=1635 N=1280 K=2560 ldy=1280 beta=0 workspace=0
prefill gemm: Lt solution=2539 dtype=f16 T=1635 N=2560 K=640 ldy=2560 beta=0 workspace=0
prefill gemm: Lt solution=2539 dtype=f16 T=928 N=1280 K=2560 ldy=1280 beta=0 workspace=0
prefill gemm: Lt solution=2539 dtype=f16 T=928 N=2560 K=640 ldy=2560 beta=0 workspace=0
prefill gemm: Lt solution=2539 dtype=f16 T=1239 N=1280 K=2560 ldy=1280 beta=0 workspace=0
prefill gemm: Lt solution=2539 dtype=f16 T=1239 N=2560 K=640 ldy=2560 beta=0 workspace=0
prefill gemm: Lt solution=2539 dtype=f16 T=988 N=1280 K=2560 ldy=1280 beta=0 workspace=0
prefill gemm: Lt solution=2539 dtype=f16 T=988 N=2560 K=640 ldy=2560 beta=0 workspace=0
prefill gemm: Lt solution=2539 dtype=f16 T=1016 N=1280 K=2560 ldy=1280 beta=0 workspace=0
prefill gemm: Lt solution=2539 dtype=f16 T=1016 N=2560 K=640 ldy=2560 beta=0 workspace=0
prefill gemm: Lt solution=2539 dtype=f16 T=651 N=1280 K=2560 ldy=1280 beta=0 workspace=0
prefill gemm: Lt solution=2539 dtype=f16 T=651 N=2560 K=640 ldy=2560 beta=0 workspace=0
prefill gemm: Lt solution=2539 dtype=f16 T=529 N=1280 K=2560 ldy=1280 beta=0 workspace=0
prefill gemm: Lt solution=2539 dtype=f16 T=529 N=2560 K=640 ldy=2560 beta=0 workspace=0
prefill gemm: Lt solution=2539 dtype=f16 T=1030 N=1280 K=2560 ldy=1280 beta=0 workspace=0
prefill gemm: Lt solution=2539 dtype=f16 T=1030 N=2560 K=640 ldy=2560 beta=0 workspace=0
prefill gemm: Lt solution=2539 dtype=f16 T=2013 N=1280 K=2560 ldy=1280 beta=0 workspace=0
prefill gemm: Lt solution=2539 dtype=f16 T=2013 N=2560 K=640 ldy=2560 beta=0 workspace=0
prefill gemm: Lt solution=2539 dtype=f16 T=922 N=1280 K=2560 ldy=1280 beta=0 workspace=0
prefill gemm: Lt solution=2539 dtype=f16 T=922 N=2560 K=640 ldy=2560 beta=0 workspace=0
prefill gemm: Lt solution=2539 dtype=f16 T=649 N=1280 K=2560 ldy=1280 beta=0 workspace=0
prefill gemm: Lt solution=2539 dtype=f16 T=649 N=2560 K=640 ldy=2560 beta=0 workspace=0
prefill gemm: Lt solution=2539 dtype=f16 T=851 N=1280 K=2560 ldy=1280 beta=0 workspace=0
prefill gemm: Lt solution=2539 dtype=f16 T=851 N=2560 K=640 ldy=2560 beta=0 workspace=0
prefill gemm: Lt solution=2539 dtype=f16 T=838 N=1280 K=2560 ldy=1280 beta=0 workspace=0
prefill gemm: Lt solution=2539 dtype=f16 T=838 N=2560 K=640 ldy=2560 beta=0 workspace=0
prefill gemm: Lt solution=2539 dtype=f16 T=1217 N=1280 K=2560 ldy=1280 beta=0 workspace=0
prefill gemm: Lt solution=2539 dtype=f16 T=1217 N=2560 K=640 ldy=2560 beta=0 workspace=0
prefill gemm: Lt solution=2539 dtype=f16 T=686 N=1280 K=2560 ldy=1280 beta=0 workspace=0
prefill gemm: Lt solution=2539 dtype=f16 T=686 N=2560 K=640 ldy=2560 beta=0 workspace=0
prefill gemm: Lt solution=2539 dtype=f16 T=1626 N=1280 K=2560 ldy=1280 beta=0 workspace=0
prefill gemm: Lt solution=2539 dtype=f16 T=1626 N=2560 K=640 ldy=2560 beta=0 workspace=0
prefill gemm: Lt solution=2539 dtype=f16 T=762 N=1280 K=2560 ldy=1280 beta=0 workspace=0
prefill gemm: Lt solution=2539 dtype=f16 T=762 N=2560 K=640 ldy=2560 beta=0 workspace=0
prefill gemm: Lt solution=2539 dtype=f16 T=839 N=1280 K=2560 ldy=1280 beta=0 workspace=0
prefill gemm: Lt solution=2539 dtype=f16 T=839 N=2560 K=640 ldy=2560 beta=0 workspace=0
prefill gemm: Lt solution=2539 dtype=f16 T=1869 N=1280 K=2560 ldy=1280 beta=0 workspace=0
prefill gemm: Lt solution=2539 dtype=f16 T=1869 N=2560 K=640 ldy=2560 beta=0 workspace=0
prefill gemm: Lt solution=2539 dtype=f16 T=858 N=1280 K=2560 ldy=1280 beta=0 workspace=0
prefill gemm: Lt solution=2539 dtype=f16 T=858 N=2560 K=640 ldy=2560 beta=0 workspace=0
prefill gemm: Lt solution=2539 dtype=f16 T=957 N=1280 K=2560 ldy=1280 beta=0 workspace=0
prefill gemm: Lt solution=2539 dtype=f16 T=957 N=2560 K=640 ldy=2560 beta=0 workspace=0
prefill gemm: Lt solution=2539 dtype=f16 T=1673 N=1280 K=2560 ldy=1280 beta=0 workspace=0
prefill gemm: Lt solution=2539 dtype=f16 T=1673 N=2560 K=640 ldy=2560 beta=0 workspace=0
prefill gemm: Lt solution=2539 dtype=f16 T=1234 N=1280 K=2560 ldy=1280 beta=0 workspace=0
prefill gemm: Lt solution=2539 dtype=f16 T=1234 N=2560 K=640 ldy=2560 beta=0 workspace=0
prefill gemm: Lt solution=2539 dtype=f16 T=1504 N=1280 K=2560 ldy=1280 beta=0 workspace=0
prefill gemm: Lt solution=2539 dtype=f16 T=1504 N=2560 K=640 ldy=2560 beta=0 workspace=0
prefill gemm: Lt solution=2539 dtype=f16 T=1095 N=1280 K=2560 ldy=1280 beta=0 workspace=0
prefill gemm: Lt solution=2539 dtype=f16 T=1095 N=2560 K=640 ldy=2560 beta=0 workspace=0
prefill gemm: Lt solution=2539 dtype=f16 T=1412 N=1280 K=2560 ldy=1280 beta=0 workspace=0
prefill gemm: Lt solution=2539 dtype=f16 T=1412 N=2560 K=640 ldy=2560 beta=0 workspace=0
prefill gemm: Lt solution=2539 dtype=f16 T=1938 N=1280 K=2560 ldy=1280 beta=0 workspace=0
prefill gemm: Lt solution=2539 dtype=f16 T=1938 N=2560 K=640 ldy=2560 beta=0 workspace=0
prefill gemm: Lt solution=2539 dtype=f16 T=836 N=1280 K=2560 ldy=1280 beta=0 workspace=0
prefill gemm: Lt solution=2539 dtype=f16 T=836 N=2560 K=640 ldy=2560 beta=0 workspace=0
prefill gemm: Lt solution=2539 dtype=f16 T=1299 N=1280 K=2560 ldy=1280 beta=0 workspace=0
prefill gemm: Lt solution=2539 dtype=f16 T=1299 N=2560 K=640 ldy=2560 beta=0 workspace=0
prefill gemm: Lt solution=2539 dtype=f16 T=1487 N=1280 K=2560 ldy=1280 beta=0 workspace=0
prefill gemm: Lt solution=2539 dtype=f16 T=1487 N=2560 K=640 ldy=2560 beta=0 workspace=0
prefill gemm: Lt solution=2539 dtype=f16 T=857 N=1280 K=2560 ldy=1280 beta=0 workspace=0
prefill gemm: Lt solution=2539 dtype=f16 T=857 N=2560 K=640 ldy=2560 beta=0 workspace=0
prefill gemm: Lt solution=2539 dtype=f16 T=1356 N=1280 K=2560 ldy=1280 beta=0 workspace=0
prefill gemm: Lt solution=2539 dtype=f16 T=1356 N=2560 K=640 ldy=2560 beta=0 workspace=0
prefill gemm: Lt solution=2539 dtype=f16 T=1917 N=1280 K=2560 ldy=1280 beta=0 workspace=0
prefill gemm: Lt solution=2539 dtype=f16 T=1917 N=2560 K=640 ldy=2560 beta=0 workspace=0
prefill gemm: Lt solution=2539 dtype=f16 T=1354 N=1280 K=2560 ldy=1280 beta=0 workspace=0
prefill gemm: Lt solution=2539 dtype=f16 T=1354 N=2560 K=640 ldy=2560 beta=0 workspace=0
prefill gemm: Lt solution=2539 dtype=f16 T=1625 N=1280 K=2560 ldy=1280 beta=0 workspace=0
prefill gemm: Lt solution=2539 dtype=f16 T=1625 N=2560 K=640 ldy=2560 beta=0 workspace=0
prefill gemm: Lt solution=2539 dtype=f16 T=896 N=1280 K=2560 ldy=1280 beta=0 workspace=0
prefill gemm: Lt solution=2539 dtype=f16 T=896 N=2560 K=640 ldy=2560 beta=0 workspace=0
prefill gemm: Lt solution=2539 dtype=f16 T=1287 N=1280 K=2560 ldy=1280 beta=0 workspace=0
prefill gemm: Lt solution=2539 dtype=f16 T=1287 N=2560 K=640 ldy=2560 beta=0 workspace=0
prefill gemm: Lt solution=2539 dtype=f16 T=1072 N=1280 K=2560 ldy=1280 beta=0 workspace=0
prefill gemm: Lt solution=2539 dtype=f16 T=1072 N=2560 K=640 ldy=2560 beta=0 workspace=0
prefill gemm: Lt solution=2539 dtype=f16 T=962 N=1280 K=2560 ldy=1280 beta=0 workspace=0
prefill gemm: Lt solution=2539 dtype=f16 T=962 N=2560 K=640 ldy=2560 beta=0 workspace=0
prefill gemm: Lt solution=2539 dtype=f16 T=1232 N=1280 K=2560 ldy=1280 beta=0 workspace=0
prefill gemm: Lt solution=2539 dtype=f16 T=1232 N=2560 K=640 ldy=2560 beta=0 workspace=0
prefill gemm: Lt solution=2539 dtype=f16 T=1744 N=1280 K=2560 ldy=1280 beta=0 workspace=0
prefill gemm: Lt solution=2539 dtype=f16 T=1744 N=2560 K=640 ldy=2560 beta=0 workspace=0
prefill gemm: Lt solution=2539 dtype=f16 T=1612 N=1280 K=2560 ldy=1280 beta=0 workspace=0
prefill gemm: Lt solution=2539 dtype=f16 T=1612 N=2560 K=640 ldy=2560 beta=0 workspace=0
prefill gemm: Lt solution=2539 dtype=f16 T=1812 N=1280 K=2560 ldy=1280 beta=0 workspace=0
prefill gemm: Lt solution=2539 dtype=f16 T=1812 N=2560 K=640 ldy=2560 beta=0 workspace=0
prefill gemm: Lt solution=2539 dtype=f16 T=1199 N=1280 K=2560 ldy=1280 beta=0 workspace=0
prefill gemm: Lt solution=2539 dtype=f16 T=1199 N=2560 K=640 ldy=2560 beta=0 workspace=0
prefill gemm: Lt solution=2539 dtype=f16 T=1819 N=1280 K=2560 ldy=1280 beta=0 workspace=0
prefill gemm: Lt solution=2539 dtype=f16 T=1819 N=2560 K=640 ldy=2560 beta=0 workspace=0
prefill gemm: Lt solution=2539 dtype=f16 T=1131 N=1280 K=2560 ldy=1280 beta=0 workspace=0
prefill gemm: Lt solution=2539 dtype=f16 T=1131 N=2560 K=640 ldy=2560 beta=0 workspace=0
prefill gemm: Lt solution=2539 dtype=f16 T=1258 N=1280 K=2560 ldy=1280 beta=0 workspace=0
prefill gemm: Lt solution=2539 dtype=f16 T=1258 N=2560 K=640 ldy=2560 beta=0 workspace=0
prefill gemm: Lt solution=2539 dtype=f16 T=1516 N=1280 K=2560 ldy=1280 beta=0 workspace=0
prefill gemm: Lt solution=2539 dtype=f16 T=1516 N=2560 K=640 ldy=2560 beta=0 workspace=0
prefill gemm: Lt solution=2539 dtype=f16 T=1956 N=1280 K=2560 ldy=1280 beta=0 workspace=0
prefill gemm: Lt solution=2539 dtype=f16 T=1956 N=2560 K=640 ldy=2560 beta=0 workspace=0
prefill gemm: Lt solution=2539 dtype=f16 T=1161 N=1280 K=2560 ldy=1280 beta=0 workspace=0
prefill gemm: Lt solution=2539 dtype=f16 T=1161 N=2560 K=640 ldy=2560 beta=0 workspace=0
prefill gemm: Lt solution=2539 dtype=f16 T=1129 N=1280 K=2560 ldy=1280 beta=0 workspace=0
prefill gemm: Lt solution=2539 dtype=f16 T=1129 N=2560 K=640 ldy=2560 beta=0 workspace=0
prefill gemm: Lt solution=2539 dtype=f16 T=897 N=1280 K=2560 ldy=1280 beta=0 workspace=0
prefill gemm: Lt solution=2539 dtype=f16 T=897 N=2560 K=640 ldy=2560 beta=0 workspace=0
prefill gemm: Lt solution=2539 dtype=f16 T=1862 N=1280 K=2560 ldy=1280 beta=0 workspace=0
prefill gemm: Lt solution=2539 dtype=f16 T=1862 N=2560 K=640 ldy=2560 beta=0 workspace=0
prefill gemm: Lt solution=2539 dtype=f16 T=975 N=1280 K=2560 ldy=1280 beta=0 workspace=0
prefill gemm: Lt solution=2539 dtype=f16 T=975 N=2560 K=640 ldy=2560 beta=0 workspace=0
prefill gemm: Lt solution=2539 dtype=f16 T=1623 N=1280 K=2560 ldy=1280 beta=0 workspace=0
prefill gemm: Lt solution=2539 dtype=f16 T=1623 N=2560 K=640 ldy=2560 beta=0 workspace=0
prefill gemm: Lt solution=2539 dtype=f16 T=856 N=1280 K=2560 ldy=1280 beta=0 workspace=0
prefill gemm: Lt solution=2539 dtype=f16 T=856 N=2560 K=640 ldy=2560 beta=0 workspace=0
prefill gemm: Lt solution=2539 dtype=f16 T=929 N=1280 K=2560 ldy=1280 beta=0 workspace=0
prefill gemm: Lt solution=2539 dtype=f16 T=929 N=2560 K=640 ldy=2560 beta=0 workspace=0
prefill gemm: Lt solution=2539 dtype=f16 T=1196 N=1280 K=2560 ldy=1280 beta=0 workspace=0
prefill gemm: Lt solution=2539 dtype=f16 T=1196 N=2560 K=640 ldy=2560 beta=0 workspace=0
prefill gemm: Lt solution=2539 dtype=f16 T=1122 N=1280 K=2560 ldy=1280 beta=0 workspace=0
prefill gemm: Lt solution=2539 dtype=f16 T=1122 N=2560 K=640 ldy=2560 beta=0 workspace=0
prefill gemm: Lt solution=2539 dtype=f16 T=2288 N=1280 K=2560 ldy=1280 beta=0 workspace=0
prefill gemm: Lt solution=2539 dtype=f16 T=2288 N=2560 K=640 ldy=2560 beta=0 workspace=0
prefill gemm: Lt solution=2539 dtype=f16 T=1391 N=1280 K=2560 ldy=1280 beta=0 workspace=0
prefill gemm: Lt solution=2539 dtype=f16 T=1391 N=2560 K=640 ldy=2560 beta=0 workspace=0
prefill gemm: Lt solution=2539 dtype=f16 T=1555 N=1280 K=2560 ldy=1280 beta=0 workspace=0
prefill gemm: Lt solution=2539 dtype=f16 T=1555 N=2560 K=640 ldy=2560 beta=0 workspace=0
prefill gemm: Lt solution=2539 dtype=f16 T=1900 N=1280 K=2560 ldy=1280 beta=0 workspace=0
prefill gemm: Lt solution=2539 dtype=f16 T=1900 N=2560 K=640 ldy=2560 beta=0 workspace=0
prefill gemm: Lt solution=2539 dtype=f16 T=883 N=1280 K=2560 ldy=1280 beta=0 workspace=0
prefill gemm: Lt solution=2539 dtype=f16 T=883 N=2560 K=640 ldy=2560 beta=0 workspace=0
prefill gemm: Lt solution=2539 dtype=f16 T=1914 N=1280 K=2560 ldy=1280 beta=0 workspace=0
prefill gemm: Lt solution=2539 dtype=f16 T=1914 N=2560 K=640 ldy=2560 beta=0 workspace=0
prefill gemm: Lt solution=2539 dtype=f16 T=662 N=1280 K=2560 ldy=1280 beta=0 workspace=0
prefill gemm: Lt solution=2539 dtype=f16 T=662 N=2560 K=640 ldy=2560 beta=0 workspace=0
prefill gemm: Lt solution=2539 dtype=f16 T=1092 N=1280 K=2560 ldy=1280 beta=0 workspace=0
prefill gemm: Lt solution=2539 dtype=f16 T=1092 N=2560 K=640 ldy=2560 beta=0 workspace=0
prefill gemm: Lt solution=2539 dtype=f16 T=2305 N=1280 K=2560 ldy=1280 beta=0 workspace=0
prefill gemm: Lt solution=2539 dtype=f16 T=2305 N=2560 K=640 ldy=2560 beta=0 workspace=0
prefill gemm: Lt solution=2539 dtype=f16 T=1329 N=1280 K=2560 ldy=1280 beta=0 workspace=0
prefill gemm: Lt solution=2539 dtype=f16 T=1329 N=2560 K=640 ldy=2560 beta=0 workspace=0
prefill gemm: Lt solution=2539 dtype=f16 T=1182 N=1280 K=2560 ldy=1280 beta=0 workspace=0
prefill gemm: Lt solution=2539 dtype=f16 T=1182 N=2560 K=640 ldy=2560 beta=0 workspace=0
prefill gemm: Lt solution=2539 dtype=f16 T=1278 N=1280 K=2560 ldy=1280 beta=0 workspace=0
prefill gemm: Lt solution=2539 dtype=f16 T=1278 N=2560 K=640 ldy=2560 beta=0 workspace=0
prefill gemm: Lt solution=2539 dtype=f16 T=1352 N=1280 K=2560 ldy=1280 beta=0 workspace=0
prefill gemm: Lt solution=2539 dtype=f16 T=1352 N=2560 K=640 ldy=2560 beta=0 workspace=0
prefill gemm: Lt solution=2539 dtype=f16 T=1272 N=1280 K=2560 ldy=1280 beta=0 workspace=0
prefill gemm: Lt solution=2539 dtype=f16 T=1272 N=2560 K=640 ldy=2560 beta=0 workspace=0
prefill gemm: Lt solution=2539 dtype=f16 T=720 N=1280 K=2560 ldy=1280 beta=0 workspace=0
prefill gemm: Lt solution=2539 dtype=f16 T=720 N=2560 K=640 ldy=2560 beta=0 workspace=0
prefill gemm: Lt solution=2539 dtype=f16 T=1480 N=1280 K=2560 ldy=1280 beta=0 workspace=0
prefill gemm: Lt solution=2539 dtype=f16 T=1480 N=2560 K=640 ldy=2560 beta=0 workspace=0
prefill gemm: Lt solution=2539 dtype=f16 T=3065 N=1280 K=2560 ldy=1280 beta=0 workspace=0
prefill gemm: Lt solution=2539 dtype=f16 T=3065 N=2560 K=640 ldy=2560 beta=0 workspace=0
prefill gemm: Lt solution=2539 dtype=f16 T=1207 N=1280 K=2560 ldy=1280 beta=0 workspace=0
prefill gemm: Lt solution=2539 dtype=f16 T=1207 N=2560 K=640 ldy=2560 beta=0 workspace=0
prefill gemm: Lt solution=2539 dtype=f16 T=829 N=1280 K=2560 ldy=1280 beta=0 workspace=0
prefill gemm: Lt solution=2539 dtype=f16 T=829 N=2560 K=640 ldy=2560 beta=0 workspace=0
prefill gemm: Lt solution=2539 dtype=f16 T=990 N=1280 K=2560 ldy=1280 beta=0 workspace=0
prefill gemm: Lt solution=2539 dtype=f16 T=990 N=2560 K=640 ldy=2560 beta=0 workspace=0
prefill gemm: Lt solution=2539 dtype=f16 T=2534 N=1280 K=2560 ldy=1280 beta=0 workspace=0
prefill gemm: Lt solution=2539 dtype=f16 T=2534 N=2560 K=640 ldy=2560 beta=0 workspace=0
prefill gemm: Lt solution=2539 dtype=f16 T=1067 N=1280 K=2560 ldy=1280 beta=0 workspace=0
prefill gemm: Lt solution=2539 dtype=f16 T=1067 N=2560 K=640 ldy=2560 beta=0 workspace=0
prefill gemm: Lt solution=2539 dtype=f16 T=1750 N=1280 K=2560 ldy=1280 beta=0 workspace=0
prefill gemm: Lt solution=2539 dtype=f16 T=1750 N=2560 K=640 ldy=2560 beta=0 workspace=0
prefill gemm: Lt solution=2539 dtype=f16 T=1260 N=1280 K=2560 ldy=1280 beta=0 workspace=0
prefill gemm: Lt solution=2539 dtype=f16 T=1260 N=2560 K=640 ldy=2560 beta=0 workspace=0
prefill gemm: Lt solution=2539 dtype=f16 T=1789 N=1280 K=2560 ldy=1280 beta=0 workspace=0
prefill gemm: Lt solution=2539 dtype=f16 T=1789 N=2560 K=640 ldy=2560 beta=0 workspace=0
prefill gemm: Lt solution=2539 dtype=f16 T=2798 N=1280 K=2560 ldy=1280 beta=0 workspace=0
prefill gemm: Lt solution=2539 dtype=f16 T=2798 N=2560 K=640 ldy=2560 beta=0 workspace=0
prefill gemm: Lt solution=2539 dtype=f16 T=914 N=1280 K=2560 ldy=1280 beta=0 workspace=0
prefill gemm: Lt solution=2539 dtype=f16 T=914 N=2560 K=640 ldy=2560 beta=0 workspace=0
prefill gemm: Lt solution=2539 dtype=f16 T=2248 N=1280 K=2560 ldy=1280 beta=0 workspace=0
prefill gemm: Lt solution=2539 dtype=f16 T=2248 N=2560 K=640 ldy=2560 beta=0 workspace=0
prefill gemm: Lt solution=2539 dtype=f16 T=1263 N=1280 K=2560 ldy=1280 beta=0 workspace=0
prefill gemm: Lt solution=2539 dtype=f16 T=1263 N=2560 K=640 ldy=2560 beta=0 workspace=0
prefill gemm: Lt solution=2539 dtype=f16 T=1045 N=1280 K=2560 ldy=1280 beta=0 workspace=0
prefill gemm: Lt solution=2539 dtype=f16 T=1045 N=2560 K=640 ldy=2560 beta=0 workspace=0
prefill gemm: Lt solution=2539 dtype=f16 T=1005 N=1280 K=2560 ldy=1280 beta=0 workspace=0
prefill gemm: Lt solution=2539 dtype=f16 T=1005 N=2560 K=640 ldy=2560 beta=0 workspace=0
prefill gemm: Lt solution=2539 dtype=f16 T=1221 N=1280 K=2560 ldy=1280 beta=0 workspace=0
prefill gemm: Lt solution=2539 dtype=f16 T=1221 N=2560 K=640 ldy=2560 beta=0 workspace=0
prefill gemm: Lt solution=2539 dtype=f16 T=1692 N=1280 K=2560 ldy=1280 beta=0 workspace=0
prefill gemm: Lt solution=2539 dtype=f16 T=1692 N=2560 K=640 ldy=2560 beta=0 workspace=0
prefill gemm: Lt solution=2539 dtype=f16 T=2603 N=1280 K=2560 ldy=1280 beta=0 workspace=0
prefill gemm: Lt solution=2539 dtype=f16 T=2603 N=2560 K=640 ldy=2560 beta=0 workspace=0
prefill gemm: Lt solution=2539 dtype=f16 T=2195 N=1280 K=2560 ldy=1280 beta=0 workspace=0
prefill gemm: Lt solution=2539 dtype=f16 T=2195 N=2560 K=640 ldy=2560 beta=0 workspace=0
prefill gemm: Lt solution=2539 dtype=f16 T=1165 N=1280 K=2560 ldy=1280 beta=0 workspace=0
prefill gemm: Lt solution=2539 dtype=f16 T=1165 N=2560 K=640 ldy=2560 beta=0 workspace=0
prefill gemm: Lt solution=2539 dtype=f16 T=1483 N=1280 K=2560 ldy=1280 beta=0 workspace=0
prefill gemm: Lt solution=2539 dtype=f16 T=1483 N=2560 K=640 ldy=2560 beta=0 workspace=0
prefill gemm: Lt solution=2539 dtype=f16 T=2352 N=1280 K=2560 ldy=1280 beta=0 workspace=0
prefill gemm: Lt solution=2539 dtype=f16 T=2352 N=2560 K=640 ldy=2560 beta=0 workspace=0
prefill gemm: Lt solution=2539 dtype=f16 T=1491 N=1280 K=2560 ldy=1280 beta=0 workspace=0
prefill gemm: Lt solution=2539 dtype=f16 T=1491 N=2560 K=640 ldy=2560 beta=0 workspace=0
prefill gemm: Lt solution=2539 dtype=f16 T=2648 N=1280 K=2560 ldy=1280 beta=0 workspace=0
prefill gemm: Lt solution=2539 dtype=f16 T=2648 N=2560 K=640 ldy=2560 beta=0 workspace=0
prefill gemm: Lt solution=2539 dtype=f16 T=1008 N=1280 K=2560 ldy=1280 beta=0 workspace=0
prefill gemm: Lt solution=2539 dtype=f16 T=1008 N=2560 K=640 ldy=2560 beta=0 workspace=0
prefill gemm: Lt solution=2539 dtype=f16 T=1546 N=1280 K=2560 ldy=1280 beta=0 workspace=0
prefill gemm: Lt solution=2539 dtype=f16 T=1546 N=2560 K=640 ldy=2560 beta=0 workspace=0
prefill gemm: Lt solution=2539 dtype=f16 T=2715 N=1280 K=2560 ldy=1280 beta=0 workspace=0
prefill gemm: Lt solution=2539 dtype=f16 T=2715 N=2560 K=640 ldy=2560 beta=0 workspace=0
prefill gemm: Lt solution=2539 dtype=f16 T=1041 N=1280 K=2560 ldy=1280 beta=0 workspace=0
prefill gemm: Lt solution=2539 dtype=f16 T=1041 N=2560 K=640 ldy=2560 beta=0 workspace=0
prefill gemm: Lt solution=2539 dtype=f16 T=3491 N=1280 K=2560 ldy=1280 beta=0 workspace=0
prefill gemm: Lt solution=2539 dtype=f16 T=3491 N=2560 K=640 ldy=2560 beta=0 workspace=0
prefill gemm: Lt solution=2539 dtype=f16 T=2448 N=1280 K=2560 ldy=1280 beta=0 workspace=0
prefill gemm: Lt solution=2539 dtype=f16 T=2448 N=2560 K=640 ldy=2560 beta=0 workspace=0
strata prefill timing: 4165 tokens, GPU timeline 7715 ms, wall 7751 ms, host staging 8 ms: embed+steps 11 (0.1%) hc read 671 (8.7%) gdn 938 (12.2%) qsa proj 478 (6.2%) qsa indexer 0 (0.0%) qsa select 43 (0.6%) qsa attn 624 (8.1%) router+shared 225 (2.9%) host grouping 36 (0.5%) gather 72 (0.9%) wait copy 9 (0.1%) dequant 675 (8.7%) gemm gate/up 1594 (20.7%) gemm down 758 (9.8%) combine 225 (2.9%) ple 31 (0.4%) gdn conv+gates 85 (1.1%) gdn recurrence 834 (10.8%) gdn out proj 406 (5.3%)
strata prefill timing: host: chunk setup (PLE rows, the expert stream plan) 11 ms, waiting for each chunk 71 ms, after each chunk (the draft layer, progress) 36 ms, PLE 111 ms
strata prefill timing: experts: the loop's host time 464 ms over 48 layers (0 sorted by row count), 1999200 routed rows, MMQ's J tile pads them by 45.9%
strata serve: prompt 4170 tokens = 0 reused + 4170 read in 7900 ms (527.8 tok/s), 1 generated in 43 ms (23.2 tok/s), drafts accepted 0 of 0, 1 checkpoints
strata serve: decode expert cache hit rate: 100.0% (480 hits / 480 lookups)
prefill gemm: Lt solution=2539 dtype=f16 T=852 N=1280 K=2560 ldy=1280 beta=0 workspace=0
prefill gemm: Lt solution=2539 dtype=f16 T=852 N=2560 K=640 ldy=2560 beta=0 workspace=0
prefill gemm: Lt solution=2539 dtype=f16 T=953 N=1280 K=2560 ldy=1280 beta=0 workspace=0
prefill gemm: Lt solution=2539 dtype=f16 T=953 N=2560 K=640 ldy=2560 beta=0 workspace=0
prefill gemm: Lt solution=2539 dtype=f16 T=1389 N=1280 K=2560 ldy=1280 beta=0 workspace=0
prefill gemm: Lt solution=2539 dtype=f16 T=1389 N=2560 K=640 ldy=2560 beta=0 workspace=0
prefill gemm: Lt solution=2539 dtype=f16 T=1865 N=1280 K=2560 ldy=1280 beta=0 workspace=0
prefill gemm: Lt solution=2539 dtype=f16 T=1865 N=2560 K=640 ldy=2560 beta=0 workspace=0
prefill gemm: Lt solution=2539 dtype=f16 T=1762 N=1280 K=2560 ldy=1280 beta=0 workspace=0
prefill gemm: Lt solution=2539 dtype=f16 T=1762 N=2560 K=640 ldy=2560 beta=0 workspace=0
prefill gemm: Lt solution=2539 dtype=f16 T=1274 N=1280 K=2560 ldy=1280 beta=0 workspace=0
prefill gemm: Lt solution=2539 dtype=f16 T=1274 N=2560 K=640 ldy=2560 beta=0 workspace=0
prefill gemm: Lt solution=2539 dtype=f16 T=1705 N=1280 K=2560 ldy=1280 beta=0 workspace=0
prefill gemm: Lt solution=2539 dtype=f16 T=1705 N=2560 K=640 ldy=2560 beta=0 workspace=0
prefill gemm: Lt solution=2539 dtype=f16 T=1031 N=1280 K=2560 ldy=1280 beta=0 workspace=0
prefill gemm: Lt solution=2539 dtype=f16 T=1031 N=2560 K=640 ldy=2560 beta=0 workspace=0
prefill gemm: Lt solution=2539 dtype=f16 T=1442 N=1280 K=2560 ldy=1280 beta=0 workspace=0
prefill gemm: Lt solution=2539 dtype=f16 T=1442 N=2560 K=640 ldy=2560 beta=0 workspace=0
prefill gemm: Lt solution=2539 dtype=f16 T=655 N=1280 K=2560 ldy=1280 beta=0 workspace=0
prefill gemm: Lt solution=2539 dtype=f16 T=655 N=2560 K=640 ldy=2560 beta=0 workspace=0
prefill gemm: Lt solution=2539 dtype=f16 T=1195 N=1280 K=2560 ldy=1280 beta=0 workspace=0
prefill gemm: Lt solution=2539 dtype=f16 T=1195 N=2560 K=640 ldy=2560 beta=0 workspace=0
prefill gemm: Lt solution=2539 dtype=f16 T=1501 N=1280 K=2560 ldy=1280 beta=0 workspace=0
prefill gemm: Lt solution=2539 dtype=f16 T=1501 N=2560 K=640 ldy=2560 beta=0 workspace=0
prefill gemm: Lt solution=2539 dtype=f16 T=865 N=1280 K=2560 ldy=1280 beta=0 workspace=0
prefill gemm: Lt solution=2539 dtype=f16 T=865 N=2560 K=640 ldy=2560 beta=0 workspace=0
prefill gemm: Lt solution=2539 dtype=f16 T=978 N=1280 K=2560 ldy=1280 beta=0 workspace=0
prefill gemm: Lt solution=2539 dtype=f16 T=978 N=2560 K=640 ldy=2560 beta=0 workspace=0
prefill gemm: Lt solution=2539 dtype=f16 T=1602 N=1280 K=2560 ldy=1280 beta=0 workspace=0
prefill gemm: Lt solution=2539 dtype=f16 T=1602 N=2560 K=640 ldy=2560 beta=0 workspace=0
prefill gemm: Lt solution=2539 dtype=f16 T=1123 N=1280 K=2560 ldy=1280 beta=0 workspace=0
prefill gemm: Lt solution=2539 dtype=f16 T=1123 N=2560 K=640 ldy=2560 beta=0 workspace=0
prefill gemm: Lt solution=2539 dtype=f16 T=791 N=1280 K=2560 ldy=1280 beta=0 workspace=0
prefill gemm: Lt solution=2539 dtype=f16 T=791 N=2560 K=640 ldy=2560 beta=0 workspace=0
prefill gemm: Lt solution=2539 dtype=f16 T=722 N=1280 K=2560 ldy=1280 beta=0 workspace=0
prefill gemm: Lt solution=2539 dtype=f16 T=722 N=2560 K=640 ldy=2560 beta=0 workspace=0
prefill gemm: Lt solution=2539 dtype=f16 T=984 N=1280 K=2560 ldy=1280 beta=0 workspace=0
prefill gemm: Lt solution=2539 dtype=f16 T=984 N=2560 K=640 ldy=2560 beta=0 workspace=0
prefill gemm: Lt solution=2539 dtype=f16 T=1419 N=1280 K=2560 ldy=1280 beta=0 workspace=0
prefill gemm: Lt solution=2539 dtype=f16 T=1419 N=2560 K=640 ldy=2560 beta=0 workspace=0
prefill gemm: Lt solution=2539 dtype=f16 T=1206 N=1280 K=2560 ldy=1280 beta=0 workspace=0
prefill gemm: Lt solution=2539 dtype=f16 T=1206 N=2560 K=640 ldy=2560 beta=0 workspace=0
prefill gemm: Lt solution=2539 dtype=f16 T=1144 N=1280 K=2560 ldy=1280 beta=0 workspace=0
prefill gemm: Lt solution=2539 dtype=f16 T=1144 N=2560 K=640 ldy=2560 beta=0 workspace=0
prefill gemm: Lt solution=2539 dtype=f16 T=1307 N=1280 K=2560 ldy=1280 beta=0 workspace=0
prefill gemm: Lt solution=2539 dtype=f16 T=1307 N=2560 K=640 ldy=2560 beta=0 workspace=0
prefill gemm: Lt solution=2539 dtype=f16 T=818 N=1280 K=2560 ldy=1280 beta=0 workspace=0
prefill gemm: Lt solution=2539 dtype=f16 T=818 N=2560 K=640 ldy=2560 beta=0 workspace=0
prefill gemm: Lt solution=2539 dtype=f16 T=1128 N=1280 K=2560 ldy=1280 beta=0 workspace=0
prefill gemm: Lt solution=2539 dtype=f16 T=1128 N=2560 K=640 ldy=2560 beta=0 workspace=0
prefill gemm: Lt solution=2539 dtype=f16 T=910 N=1280 K=2560 ldy=1280 beta=0 workspace=0
prefill gemm: Lt solution=2539 dtype=f16 T=910 N=2560 K=640 ldy=2560 beta=0 workspace=0
prefill gemm: Lt solution=2539 dtype=f16 T=1962 N=1280 K=2560 ldy=1280 beta=0 workspace=0
prefill gemm: Lt solution=2539 dtype=f16 T=1962 N=2560 K=640 ldy=2560 beta=0 workspace=0
prefill gemm: Lt solution=2539 dtype=f16 T=996 N=1280 K=2560 ldy=1280 beta=0 workspace=0
prefill gemm: Lt solution=2539 dtype=f16 T=996 N=2560 K=640 ldy=2560 beta=0 workspace=0
prefill gemm: Lt solution=2539 dtype=f16 T=1059 N=1280 K=2560 ldy=1280 beta=0 workspace=0
prefill gemm: Lt solution=2539 dtype=f16 T=1059 N=2560 K=640 ldy=2560 beta=0 workspace=0
prefill gemm: Lt solution=2539 dtype=f16 T=775 N=1280 K=2560 ldy=1280 beta=0 workspace=0
prefill gemm: Lt solution=2539 dtype=f16 T=775 N=2560 K=640 ldy=2560 beta=0 workspace=0
prefill gemm: Lt solution=2539 dtype=f16 T=1018 N=1280 K=2560 ldy=1280 beta=0 workspace=0
prefill gemm: Lt solution=2539 dtype=f16 T=1018 N=2560 K=640 ldy=2560 beta=0 workspace=0
prefill gemm: Lt solution=2539 dtype=f16 T=754 N=1280 K=2560 ldy=1280 beta=0 workspace=0
prefill gemm: Lt solution=2539 dtype=f16 T=754 N=2560 K=640 ldy=2560 beta=0 workspace=0
prefill gemm: Lt solution=2539 dtype=f16 T=1151 N=1280 K=2560 ldy=1280 beta=0 workspace=0
prefill gemm: Lt solution=2539 dtype=f16 T=1151 N=2560 K=640 ldy=2560 beta=0 workspace=0
prefill gemm: Lt solution=2539 dtype=f16 T=2112 N=1280 K=2560 ldy=1280 beta=0 workspace=0
prefill gemm: Lt solution=2539 dtype=f16 T=2112 N=2560 K=640 ldy=2560 beta=0 workspace=0
prefill gemm: Lt solution=2539 dtype=f16 T=787 N=1280 K=2560 ldy=1280 beta=0 workspace=0
prefill gemm: Lt solution=2539 dtype=f16 T=787 N=2560 K=640 ldy=2560 beta=0 workspace=0
prefill gemm: Lt solution=2539 dtype=f16 T=867 N=1280 K=2560 ldy=1280 beta=0 workspace=0
prefill gemm: Lt solution=2539 dtype=f16 T=867 N=2560 K=640 ldy=2560 beta=0 workspace=0
prefill gemm: Lt solution=2539 dtype=f16 T=814 N=1280 K=2560 ldy=1280 beta=0 workspace=0
prefill gemm: Lt solution=2539 dtype=f16 T=814 N=2560 K=640 ldy=2560 beta=0 workspace=0
prefill gemm: Lt solution=2539 dtype=f16 T=2072 N=1280 K=2560 ldy=1280 beta=0 workspace=0
prefill gemm: Lt solution=2539 dtype=f16 T=2072 N=2560 K=640 ldy=2560 beta=0 workspace=0
prefill gemm: Lt solution=2539 dtype=f16 T=1585 N=1280 K=2560 ldy=1280 beta=0 workspace=0
prefill gemm: Lt solution=2539 dtype=f16 T=1585 N=2560 K=640 ldy=2560 beta=0 workspace=0
prefill gemm: Lt solution=2539 dtype=f16 T=979 N=1280 K=2560 ldy=1280 beta=0 workspace=0
prefill gemm: Lt solution=2539 dtype=f16 T=979 N=2560 K=640 ldy=2560 beta=0 workspace=0
prefill gemm: Lt solution=2539 dtype=f16 T=1676 N=1280 K=2560 ldy=1280 beta=0 workspace=0
prefill gemm: Lt solution=2539 dtype=f16 T=1676 N=2560 K=640 ldy=2560 beta=0 workspace=0
prefill gemm: Lt solution=2539 dtype=f16 T=1870 N=1280 K=2560 ldy=1280 beta=0 workspace=0
prefill gemm: Lt solution=2539 dtype=f16 T=1870 N=2560 K=640 ldy=2560 beta=0 workspace=0
prefill gemm: Lt solution=2539 dtype=f16 T=912 N=1280 K=2560 ldy=1280 beta=0 workspace=0
prefill gemm: Lt solution=2539 dtype=f16 T=912 N=2560 K=640 ldy=2560 beta=0 workspace=0
prefill gemm: Lt solution=2539 dtype=f16 T=1029 N=1280 K=2560 ldy=1280 beta=0 workspace=0
prefill gemm: Lt solution=2539 dtype=f16 T=1029 N=2560 K=640 ldy=2560 beta=0 workspace=0
prefill gemm: Lt solution=2539 dtype=f16 T=1414 N=1280 K=2560 ldy=1280 beta=0 workspace=0
prefill gemm: Lt solution=2539 dtype=f16 T=1414 N=2560 K=640 ldy=2560 beta=0 workspace=0
prefill gemm: Lt solution=2539 dtype=f16 T=820 N=1280 K=2560 ldy=1280 beta=0 workspace=0
prefill gemm: Lt solution=2539 dtype=f16 T=820 N=2560 K=640 ldy=2560 beta=0 workspace=0
prefill gemm: Lt solution=2539 dtype=f16 T=868 N=1280 K=2560 ldy=1280 beta=0 workspace=0
prefill gemm: Lt solution=2539 dtype=f16 T=868 N=2560 K=640 ldy=2560 beta=0 workspace=0
prefill gemm: Lt solution=2539 dtype=f16 T=1099 N=1280 K=2560 ldy=1280 beta=0 workspace=0
prefill gemm: Lt solution=2539 dtype=f16 T=1099 N=2560 K=640 ldy=2560 beta=0 workspace=0
prefill gemm: Lt solution=2539 dtype=f16 T=1980 N=1280 K=2560 ldy=1280 beta=0 workspace=0
prefill gemm: Lt solution=2539 dtype=f16 T=1980 N=2560 K=640 ldy=2560 beta=0 workspace=0
prefill gemm: Lt solution=2539 dtype=f16 T=945 N=1280 K=2560 ldy=1280 beta=0 workspace=0
prefill gemm: Lt solution=2539 dtype=f16 T=945 N=2560 K=640 ldy=2560 beta=0 workspace=0
prefill gemm: Lt solution=2539 dtype=f16 T=1162 N=1280 K=2560 ldy=1280 beta=0 workspace=0
prefill gemm: Lt solution=2539 dtype=f16 T=1162 N=2560 K=640 ldy=2560 beta=0 workspace=0
prefill gemm: Lt solution=2539 dtype=f16 T=766 N=1280 K=2560 ldy=1280 beta=0 workspace=0
prefill gemm: Lt solution=2539 dtype=f16 T=766 N=2560 K=640 ldy=2560 beta=0 workspace=0
prefill gemm: Lt solution=2539 dtype=f16 T=1141 N=1280 K=2560 ldy=1280 beta=0 workspace=0
prefill gemm: Lt solution=2539 dtype=f16 T=1141 N=2560 K=640 ldy=2560 beta=0 workspace=0
prefill gemm: Lt solution=2539 dtype=f16 T=835 N=1280 K=2560 ldy=1280 beta=0 workspace=0
prefill gemm: Lt solution=2539 dtype=f16 T=835 N=2560 K=640 ldy=2560 beta=0 workspace=0
prefill gemm: Lt solution=2539 dtype=f16 T=906 N=1280 K=2560 ldy=1280 beta=0 workspace=0
prefill gemm: Lt solution=2539 dtype=f16 T=906 N=2560 K=640 ldy=2560 beta=0 workspace=0
prefill gemm: Lt solution=2539 dtype=f16 T=1226 N=1280 K=2560 ldy=1280 beta=0 workspace=0
prefill gemm: Lt solution=2539 dtype=f16 T=1226 N=2560 K=640 ldy=2560 beta=0 workspace=0
prefill gemm: Lt solution=2539 dtype=f16 T=1137 N=1280 K=2560 ldy=1280 beta=0 workspace=0
prefill gemm: Lt solution=2539 dtype=f16 T=1137 N=2560 K=640 ldy=2560 beta=0 workspace=0
prefill gemm: Lt solution=2539 dtype=f16 T=1638 N=1280 K=2560 ldy=1280 beta=0 workspace=0
prefill gemm: Lt solution=2539 dtype=f16 T=1638 N=2560 K=640 ldy=2560 beta=0 workspace=0
prefill gemm: Lt solution=2539 dtype=f16 T=650 N=1280 K=2560 ldy=1280 beta=0 workspace=0
prefill gemm: Lt solution=2539 dtype=f16 T=650 N=2560 K=640 ldy=2560 beta=0 workspace=0
prefill gemm: Lt solution=2539 dtype=f16 T=951 N=1280 K=2560 ldy=1280 beta=0 workspace=0
prefill gemm: Lt solution=2539 dtype=f16 T=951 N=2560 K=640 ldy=2560 beta=0 workspace=0
prefill gemm: Lt solution=2539 dtype=f16 T=811 N=1280 K=2560 ldy=1280 beta=0 workspace=0
prefill gemm: Lt solution=2539 dtype=f16 T=811 N=2560 K=640 ldy=2560 beta=0 workspace=0
prefill gemm: Lt solution=2539 dtype=f16 T=1040 N=1280 K=2560 ldy=1280 beta=0 workspace=0
prefill gemm: Lt solution=2539 dtype=f16 T=1040 N=2560 K=640 ldy=2560 beta=0 workspace=0
prefill gemm: Lt solution=2539 dtype=f16 T=1999 N=1280 K=2560 ldy=1280 beta=0 workspace=0
prefill gemm: Lt solution=2539 dtype=f16 T=1999 N=2560 K=640 ldy=2560 beta=0 workspace=0
prefill gemm: Lt solution=2539 dtype=f16 T=844 N=1280 K=2560 ldy=1280 beta=0 workspace=0
prefill gemm: Lt solution=2539 dtype=f16 T=844 N=2560 K=640 ldy=2560 beta=0 workspace=0
prefill gemm: Lt solution=2539 dtype=f16 T=1219 N=1280 K=2560 ldy=1280 beta=0 workspace=0
prefill gemm: Lt solution=2539 dtype=f16 T=1219 N=2560 K=640 ldy=2560 beta=0 workspace=0
prefill gemm: Lt solution=2539 dtype=f16 T=665 N=1280 K=2560 ldy=1280 beta=0 workspace=0
prefill gemm: Lt solution=2539 dtype=f16 T=665 N=2560 K=640 ldy=2560 beta=0 workspace=0
prefill gemm: Lt solution=2539 dtype=f16 T=1857 N=1280 K=2560 ldy=1280 beta=0 workspace=0
prefill gemm: Lt solution=2539 dtype=f16 T=1857 N=2560 K=640 ldy=2560 beta=0 workspace=0
prefill gemm: Lt solution=2539 dtype=f16 T=963 N=1280 K=2560 ldy=1280 beta=0 workspace=0
prefill gemm: Lt solution=2539 dtype=f16 T=963 N=2560 K=640 ldy=2560 beta=0 workspace=0
prefill gemm: Lt solution=2539 dtype=f16 T=1654 N=1280 K=2560 ldy=1280 beta=0 workspace=0
prefill gemm: Lt solution=2539 dtype=f16 T=1654 N=2560 K=640 ldy=2560 beta=0 workspace=0
prefill gemm: Lt solution=2539 dtype=f16 T=826 N=1280 K=2560 ldy=1280 beta=0 workspace=0
prefill gemm: Lt solution=2539 dtype=f16 T=826 N=2560 K=640 ldy=2560 beta=0 workspace=0
prefill gemm: Lt solution=2539 dtype=f16 T=1209 N=1280 K=2560 ldy=1280 beta=0 workspace=0
prefill gemm: Lt solution=2539 dtype=f16 T=1209 N=2560 K=640 ldy=2560 beta=0 workspace=0
prefill gemm: Lt solution=2539 dtype=f16 T=1497 N=1280 K=2560 ldy=1280 beta=0 workspace=0
prefill gemm: Lt solution=2539 dtype=f16 T=1497 N=2560 K=640 ldy=2560 beta=0 workspace=0
prefill gemm: Lt solution=2539 dtype=f16 T=1143 N=1280 K=2560 ldy=1280 beta=0 workspace=0
prefill gemm: Lt solution=2539 dtype=f16 T=1143 N=2560 K=640 ldy=2560 beta=0 workspace=0
prefill gemm: Lt solution=2539 dtype=f16 T=1939 N=1280 K=2560 ldy=1280 beta=0 workspace=0
prefill gemm: Lt solution=2539 dtype=f16 T=1939 N=2560 K=640 ldy=2560 beta=0 workspace=0
prefill gemm: Lt solution=2539 dtype=f16 T=1475 N=1280 K=2560 ldy=1280 beta=0 workspace=0
prefill gemm: Lt solution=2539 dtype=f16 T=1475 N=2560 K=640 ldy=2560 beta=0 workspace=0
prefill gemm: Lt solution=2539 dtype=f16 T=1058 N=1280 K=2560 ldy=1280 beta=0 workspace=0
prefill gemm: Lt solution=2539 dtype=f16 T=1058 N=2560 K=640 ldy=2560 beta=0 workspace=0
prefill gemm: Lt solution=2539 dtype=f16 T=1375 N=1280 K=2560 ldy=1280 beta=0 workspace=0
prefill gemm: Lt solution=2539 dtype=f16 T=1375 N=2560 K=640 ldy=2560 beta=0 workspace=0
prefill gemm: Lt solution=2539 dtype=f16 T=1084 N=1280 K=2560 ldy=1280 beta=0 workspace=0
prefill gemm: Lt solution=2539 dtype=f16 T=1084 N=2560 K=640 ldy=2560 beta=0 workspace=0
prefill gemm: Lt solution=2539 dtype=f16 T=1598 N=1280 K=2560 ldy=1280 beta=0 workspace=0
prefill gemm: Lt solution=2539 dtype=f16 T=1598 N=2560 K=640 ldy=2560 beta=0 workspace=0
prefill gemm: Lt solution=2539 dtype=f16 T=694 N=1280 K=2560 ldy=1280 beta=0 workspace=0
prefill gemm: Lt solution=2539 dtype=f16 T=694 N=2560 K=640 ldy=2560 beta=0 workspace=0
prefill gemm: Lt solution=2539 dtype=f16 T=1282 N=1280 K=2560 ldy=1280 beta=0 workspace=0
prefill gemm: Lt solution=2539 dtype=f16 T=1282 N=2560 K=640 ldy=2560 beta=0 workspace=0
prefill gemm: Lt solution=2539 dtype=f16 T=1227 N=1280 K=2560 ldy=1280 beta=0 workspace=0
prefill gemm: Lt solution=2539 dtype=f16 T=1227 N=2560 K=640 ldy=2560 beta=0 workspace=0
prefill gemm: Lt solution=2539 dtype=f16 T=1064 N=1280 K=2560 ldy=1280 beta=0 workspace=0
prefill gemm: Lt solution=2539 dtype=f16 T=1064 N=2560 K=640 ldy=2560 beta=0 workspace=0
prefill gemm: Lt solution=2539 dtype=f16 T=1732 N=1280 K=2560 ldy=1280 beta=0 workspace=0
prefill gemm: Lt solution=2539 dtype=f16 T=1732 N=2560 K=640 ldy=2560 beta=0 workspace=0
prefill gemm: Lt solution=2539 dtype=f16 T=1777 N=1280 K=2560 ldy=1280 beta=0 workspace=0
prefill gemm: Lt solution=2539 dtype=f16 T=1777 N=2560 K=640 ldy=2560 beta=0 workspace=0
prefill gemm: Lt solution=2539 dtype=f16 T=1192 N=1280 K=2560 ldy=1280 beta=0 workspace=0
prefill gemm: Lt solution=2539 dtype=f16 T=1192 N=2560 K=640 ldy=2560 beta=0 workspace=0
prefill gemm: Lt solution=2539 dtype=f16 T=1794 N=1280 K=2560 ldy=1280 beta=0 workspace=0
prefill gemm: Lt solution=2539 dtype=f16 T=1794 N=2560 K=640 ldy=2560 beta=0 workspace=0
prefill gemm: Lt solution=2539 dtype=f16 T=1138 N=1280 K=2560 ldy=1280 beta=0 workspace=0
prefill gemm: Lt solution=2539 dtype=f16 T=1138 N=2560 K=640 ldy=2560 beta=0 workspace=0
prefill gemm: Lt solution=2539 dtype=f16 T=1353 N=1280 K=2560 ldy=1280 beta=0 workspace=0
prefill gemm: Lt solution=2539 dtype=f16 T=1353 N=2560 K=640 ldy=2560 beta=0 workspace=0
prefill gemm: Lt solution=2539 dtype=f16 T=734 N=1280 K=2560 ldy=1280 beta=0 workspace=0
prefill gemm: Lt solution=2539 dtype=f16 T=734 N=2560 K=640 ldy=2560 beta=0 workspace=0
prefill gemm: Lt solution=2539 dtype=f16 T=943 N=1280 K=2560 ldy=1280 beta=0 workspace=0
prefill gemm: Lt solution=2539 dtype=f16 T=943 N=2560 K=640 ldy=2560 beta=0 workspace=0
prefill gemm: Lt solution=2539 dtype=f16 T=1255 N=1280 K=2560 ldy=1280 beta=0 workspace=0
prefill gemm: Lt solution=2539 dtype=f16 T=1255 N=2560 K=640 ldy=2560 beta=0 workspace=0
prefill gemm: Lt solution=2539 dtype=f16 T=1849 N=1280 K=2560 ldy=1280 beta=0 workspace=0
prefill gemm: Lt solution=2539 dtype=f16 T=1849 N=2560 K=640 ldy=2560 beta=0 workspace=0
prefill gemm: Lt solution=2539 dtype=f16 T=1400 N=1280 K=2560 ldy=1280 beta=0 workspace=0
prefill gemm: Lt solution=2539 dtype=f16 T=1400 N=2560 K=640 ldy=2560 beta=0 workspace=0
prefill gemm: Lt solution=2539 dtype=f16 T=1610 N=1280 K=2560 ldy=1280 beta=0 workspace=0
prefill gemm: Lt solution=2539 dtype=f16 T=1610 N=2560 K=640 ldy=2560 beta=0 workspace=0
prefill gemm: Lt solution=2539 dtype=f16 T=905 N=1280 K=2560 ldy=1280 beta=0 workspace=0
prefill gemm: Lt solution=2539 dtype=f16 T=905 N=2560 K=640 ldy=2560 beta=0 workspace=0
prefill gemm: Lt solution=2539 dtype=f16 T=1096 N=1280 K=2560 ldy=1280 beta=0 workspace=0
prefill gemm: Lt solution=2539 dtype=f16 T=1096 N=2560 K=640 ldy=2560 beta=0 workspace=0
prefill gemm: Lt solution=2539 dtype=f16 T=801 N=1280 K=2560 ldy=1280 beta=0 workspace=0
prefill gemm: Lt solution=2539 dtype=f16 T=801 N=2560 K=640 ldy=2560 beta=0 workspace=0
prefill gemm: Lt solution=2539 dtype=f16 T=2265 N=1280 K=2560 ldy=1280 beta=0 workspace=0
prefill gemm: Lt solution=2539 dtype=f16 T=2265 N=2560 K=640 ldy=2560 beta=0 workspace=0
prefill gemm: Lt solution=2539 dtype=f16 T=1392 N=1280 K=2560 ldy=1280 beta=0 workspace=0
prefill gemm: Lt solution=2539 dtype=f16 T=1392 N=2560 K=640 ldy=2560 beta=0 workspace=0
prefill gemm: Lt solution=2539 dtype=f16 T=1534 N=1280 K=2560 ldy=1280 beta=0 workspace=0
prefill gemm: Lt solution=2539 dtype=f16 T=1534 N=2560 K=640 ldy=2560 beta=0 workspace=0
prefill gemm: Lt solution=2539 dtype=f16 T=1895 N=1280 K=2560 ldy=1280 beta=0 workspace=0
prefill gemm: Lt solution=2539 dtype=f16 T=1895 N=2560 K=640 ldy=2560 beta=0 workspace=0
prefill gemm: Lt solution=2539 dtype=f16 T=1881 N=1280 K=2560 ldy=1280 beta=0 workspace=0
prefill gemm: Lt solution=2539 dtype=f16 T=1881 N=2560 K=640 ldy=2560 beta=0 workspace=0
prefill gemm: Lt solution=2539 dtype=f16 T=1079 N=1280 K=2560 ldy=1280 beta=0 workspace=0
prefill gemm: Lt solution=2539 dtype=f16 T=1079 N=2560 K=640 ldy=2560 beta=0 workspace=0
prefill gemm: Lt solution=2539 dtype=f16 T=2306 N=1280 K=2560 ldy=1280 beta=0 workspace=0
prefill gemm: Lt solution=2539 dtype=f16 T=2306 N=2560 K=640 ldy=2560 beta=0 workspace=0
prefill gemm: Lt solution=2539 dtype=f16 T=796 N=1280 K=2560 ldy=1280 beta=0 workspace=0
prefill gemm: Lt solution=2539 dtype=f16 T=796 N=2560 K=640 ldy=2560 beta=0 workspace=0
prefill gemm: Lt solution=2539 dtype=f16 T=1340 N=1280 K=2560 ldy=1280 beta=0 workspace=0
prefill gemm: Lt solution=2539 dtype=f16 T=1340 N=2560 K=640 ldy=2560 beta=0 workspace=0
prefill gemm: Lt solution=2539 dtype=f16 T=1188 N=1280 K=2560 ldy=1280 beta=0 workspace=0
prefill gemm: Lt solution=2539 dtype=f16 T=1188 N=2560 K=640 ldy=2560 beta=0 workspace=0
prefill gemm: Lt solution=2539 dtype=f16 T=1289 N=1280 K=2560 ldy=1280 beta=0 workspace=0
prefill gemm: Lt solution=2539 dtype=f16 T=1289 N=2560 K=640 ldy=2560 beta=0 workspace=0
prefill gemm: Lt solution=2539 dtype=f16 T=806 N=1280 K=2560 ldy=1280 beta=0 workspace=0
prefill gemm: Lt solution=2539 dtype=f16 T=806 N=2560 K=640 ldy=2560 beta=0 workspace=0
prefill gemm: Lt solution=2539 dtype=f16 T=3047 N=1280 K=2560 ldy=1280 beta=0 workspace=0
prefill gemm: Lt solution=2539 dtype=f16 T=3047 N=2560 K=640 ldy=2560 beta=0 workspace=0
prefill gemm: Lt solution=2539 dtype=f16 T=2501 N=1280 K=2560 ldy=1280 beta=0 workspace=0
prefill gemm: Lt solution=2539 dtype=f16 T=2501 N=2560 K=640 ldy=2560 beta=0 workspace=0
prefill gemm: Lt solution=2539 dtype=f16 T=1746 N=1280 K=2560 ldy=1280 beta=0 workspace=0
prefill gemm: Lt solution=2539 dtype=f16 T=1746 N=2560 K=640 ldy=2560 beta=0 workspace=0
prefill gemm: Lt solution=2539 dtype=f16 T=1796 N=1280 K=2560 ldy=1280 beta=0 workspace=0
prefill gemm: Lt solution=2539 dtype=f16 T=1796 N=2560 K=640 ldy=2560 beta=0 workspace=0
prefill gemm: Lt solution=2539 dtype=f16 T=2778 N=1280 K=2560 ldy=1280 beta=0 workspace=0
prefill gemm: Lt solution=2539 dtype=f16 T=2778 N=2560 K=640 ldy=2560 beta=0 workspace=0
prefill gemm: Lt solution=2539 dtype=f16 T=2236 N=1280 K=2560 ldy=1280 beta=0 workspace=0
prefill gemm: Lt solution=2539 dtype=f16 T=2236 N=2560 K=640 ldy=2560 beta=0 workspace=0
prefill gemm: Lt solution=2539 dtype=f16 T=998 N=1280 K=2560 ldy=1280 beta=0 workspace=0
prefill gemm: Lt solution=2539 dtype=f16 T=998 N=2560 K=640 ldy=2560 beta=0 workspace=0
prefill gemm: Lt solution=2539 dtype=f16 T=1215 N=1280 K=2560 ldy=1280 beta=0 workspace=0
prefill gemm: Lt solution=2539 dtype=f16 T=1215 N=2560 K=640 ldy=2560 beta=0 workspace=0
prefill gemm: Lt solution=2539 dtype=f16 T=1022 N=1280 K=2560 ldy=1280 beta=0 workspace=0
prefill gemm: Lt solution=2539 dtype=f16 T=1022 N=2560 K=640 ldy=2560 beta=0 workspace=0
prefill gemm: Lt solution=2539 dtype=f16 T=1611 N=1280 K=2560 ldy=1280 beta=0 workspace=0
prefill gemm: Lt solution=2539 dtype=f16 T=1611 N=2560 K=640 ldy=2560 beta=0 workspace=0
prefill gemm: Lt solution=2539 dtype=f16 T=2576 N=1280 K=2560 ldy=1280 beta=0 workspace=0
prefill gemm: Lt solution=2539 dtype=f16 T=2576 N=2560 K=640 ldy=2560 beta=0 workspace=0
prefill gemm: Lt solution=2539 dtype=f16 T=2182 N=1280 K=2560 ldy=1280 beta=0 workspace=0
prefill gemm: Lt solution=2539 dtype=f16 T=2182 N=2560 K=640 ldy=2560 beta=0 workspace=0
prefill gemm: Lt solution=2539 dtype=f16 T=1197 N=1280 K=2560 ldy=1280 beta=0 workspace=0
prefill gemm: Lt solution=2539 dtype=f16 T=1197 N=2560 K=640 ldy=2560 beta=0 workspace=0
prefill gemm: Lt solution=2539 dtype=f16 T=2332 N=1280 K=2560 ldy=1280 beta=0 workspace=0
prefill gemm: Lt solution=2539 dtype=f16 T=2332 N=2560 K=640 ldy=2560 beta=0 workspace=0
prefill gemm: Lt solution=2539 dtype=f16 T=1500 N=1280 K=2560 ldy=1280 beta=0 workspace=0
prefill gemm: Lt solution=2539 dtype=f16 T=1500 N=2560 K=640 ldy=2560 beta=0 workspace=0
prefill gemm: Lt solution=2539 dtype=f16 T=2654 N=1280 K=2560 ldy=1280 beta=0 workspace=0
prefill gemm: Lt solution=2539 dtype=f16 T=2654 N=2560 K=640 ldy=2560 beta=0 workspace=0
prefill gemm: Lt solution=2539 dtype=f16 T=1332 N=1280 K=2560 ldy=1280 beta=0 workspace=0
prefill gemm: Lt solution=2539 dtype=f16 T=1332 N=2560 K=640 ldy=2560 beta=0 workspace=0
prefill gemm: Lt solution=2539 dtype=f16 T=1320 N=1280 K=2560 ldy=1280 beta=0 workspace=0
prefill gemm: Lt solution=2539 dtype=f16 T=1320 N=2560 K=640 ldy=2560 beta=0 workspace=0
prefill gemm: Lt solution=2539 dtype=f16 T=2590 N=1280 K=2560 ldy=1280 beta=0 workspace=0
prefill gemm: Lt solution=2539 dtype=f16 T=2590 N=2560 K=640 ldy=2560 beta=0 workspace=0
prefill gemm: Lt solution=2539 dtype=f16 T=1081 N=1280 K=2560 ldy=1280 beta=0 workspace=0
prefill gemm: Lt solution=2539 dtype=f16 T=1081 N=2560 K=640 ldy=2560 beta=0 workspace=0
prefill gemm: Lt solution=2539 dtype=f16 T=3502 N=1280 K=2560 ldy=1280 beta=0 workspace=0
prefill gemm: Lt solution=2539 dtype=f16 T=3502 N=2560 K=640 ldy=2560 beta=0 workspace=0
prefill gemm: Lt solution=2539 dtype=f16 T=1548 N=1280 K=2560 ldy=1280 beta=0 workspace=0
prefill gemm: Lt solution=2539 dtype=f16 T=1548 N=2560 K=640 ldy=2560 beta=0 workspace=0
prefill gemm: Lt solution=2539 dtype=f16 T=2406 N=1280 K=2560 ldy=1280 beta=0 workspace=0
prefill gemm: Lt solution=2539 dtype=f16 T=2406 N=2560 K=640 ldy=2560 beta=0 workspace=0
strata prefill timing: 4165 tokens, GPU timeline 7695 ms, wall 7755 ms, host staging 13 ms: embed+steps 11 (0.1%) hc read 672 (8.7%) gdn 924 (12.0%) qsa proj 489 (6.4%) qsa indexer 0 (0.0%) qsa select 43 (0.6%) qsa attn 617 (8.0%) router+shared 224 (2.9%) host grouping 36 (0.5%) gather 72 (0.9%) wait copy 9 (0.1%) dequant 675 (8.8%) gemm gate/up 1590 (20.7%) gemm down 755 (9.8%) combine 225 (2.9%) ple 30 (0.4%) gdn conv+gates 85 (1.1%) gdn recurrence 834 (10.8%) gdn out proj 404 (5.2%)
strata prefill timing: host: chunk setup (PLE rows, the expert stream plan) 11 ms, waiting for each chunk 73 ms, after each chunk (the draft layer, progress) 60 ms, PLE 118 ms
strata prefill timing: experts: the loop's host time 447 ms over 48 layers (0 sorted by row count), 1999200 routed rows, MMQ's J tile pads them by 46.1%
strata serve: prompt 4170 tokens = 0 reused + 4170 read in 7919 ms (526.5 tok/s), 1 generated in 43 ms (23.0 tok/s), drafts accepted 0 of 0, 1 checkpoints
strata serve: decode expert cache hit rate: 100.0% (480 hits / 480 lookups)
prefill gemm: Lt solution=1251 dtype=bf16 T=1301 N=320 K=10240 ldy=320 beta=0 workspace=0
prefill gemm: Lt solution=1251 dtype=bf16 T=1301 N=10240 K=320 ldy=10240 beta=0 workspace=0
prefill gemm: Lt solution=1249 dtype=bf16 T=1301 N=4 K=10240 ldy=4 beta=0 workspace=0
prefill gemm: Lt solution=2539 dtype=f16 T=1301 N=10240 K=2560 ldy=10240 beta=0 workspace=0
prefill gemm: Lt solution=2539 dtype=f16 T=1301 N=6144 K=2560 ldy=6144 beta=0 workspace=0
prefill gemm: Lt solution=1251 dtype=bf16 T=1301 N=48 K=2560 ldy=96 beta=0 workspace=0
prefill gemm: Lt solution=2539 dtype=f16 T=1301 N=2560 K=6144 ldy=2560 beta=0 workspace=0
prefill gemm: Lt fallback; no calibration for dtype=bf16 T=1301 N=256 K=2560 ldy=256
prefill gemm: Lt solution=2539 dtype=f16 T=1301 N=640 K=2560 ldy=640 beta=0 workspace=0
prefill gemm: Lt solution=2539 dtype=f16 T=1301 N=2560 K=640 ldy=2560 beta=0 workspace=0
prefill gemm: Lt solution=1248 dtype=bf16 T=1301 N=1 K=2560 ldy=1 beta=0 workspace=0
prefill gemm: Lt solution=1251 dtype=bf16 T=1301 N=10240 K=2560 ldy=10240 beta=0 workspace=0
prefill gemm: Lt solution=1251 dtype=bf16 T=1301 N=2560 K=2560 ldy=2560 beta=0 workspace=0
prefill gemm: Lt solution=2539 dtype=f16 T=1301 N=512 K=2560 ldy=512 beta=0 workspace=0
prefill gemm: Lt solution=2539 dtype=f16 T=1301 N=12288 K=2560 ldy=12288 beta=0 workspace=0
prefill gemm: Lt solution=1251 dtype=bf16 T=1301 N=128 K=2560 ldy=128 beta=0 workspace=0
prefill gemm: Lt solution=1251 dtype=bf16 T=1301 N=512 K=2560 ldy=512 beta=0 workspace=0
prefill gemm: Lt solution=1251 dtype=bf16 T=1280 N=320 K=10240 ldy=320 beta=0 workspace=0
prefill gemm: Lt solution=1251 dtype=bf16 T=1280 N=10240 K=320 ldy=10240 beta=0 workspace=0
prefill gemm: Lt solution=1251 dtype=bf16 T=21 N=320 K=10240 ldy=320 beta=0 workspace=0
prefill gemm: Lt solution=1251 dtype=bf16 T=21 N=10240 K=320 ldy=10240 beta=0 workspace=0
strata prefill timing: 1301 tokens, GPU timeline 3457 ms, wall 3471 ms, host staging 15 ms: embed+steps 7 (0.2%) hc read 205 (5.9%) gdn 336 (9.7%) qsa proj 165 (4.8%) qsa indexer 0 (0.0%) qsa select 5 (0.1%) qsa attn 95 (2.7%) router+shared 92 (2.7%) host grouping 22 (0.6%) gather 16 (0.5%) wait copy 6 (0.2%) dequant 585 (16.9%) gemm gate/up 973 (28.1%) gemm down 445 (12.9%) combine 77 (2.2%) ple 8 (0.2%) gdn conv+gates 25 (0.7%) gdn recurrence 237 (6.9%) gdn out proj 161 (4.7%)
strata prefill timing: host: chunk setup (PLE rows, the expert stream plan) 7 ms, waiting for each chunk 47 ms, after each chunk (the draft layer, progress) 14 ms, PLE 123 ms
strata prefill timing: experts: the loop's host time 408 ms over 48 layers (0 sorted by row count), 624480 routed rows, MMQ's J tile pads them by 161.3%
strata verify: captured the 3-token window (upload no error, sync no error)
strata verify: captured the 6-token window (upload no error, sync no error)
strata verify: captured the 2-token window (upload no error, sync no error)
strata serve: prompt 1306 tokens = 0 reused + 1306 read in 3600 ms (362.8 tok/s), 96 generated in 2939 ms (32.7 tok/s), drafts accepted 57 of 72, 1 checkpoints
strata serve: decode expert cache hit rate: 100.0% (53760 hits / 53760 lookups)
strata serve: suffix drafts: 3 windows, 8 of 13 drafts accepted
